strategy,asset,tf,ret,sharpe,mdd,trades,win,bench_ret,bench_sharpe,bench_mdd,alpha_ret,alpha_sharpe,beats_bh
sma_crossover,BTC,1d,-21.43,-0.815,-29.09,5,40.0,-29.59809774166566,-0.6187077919913184,-49.71541178670853,8.168097741665662,-0.19629220800868152,False
ema_crossover,BTC,1d,-23.58,-0.907,-34.38,9,22.22,-29.59809774166566,-0.6187077919913184,-49.71541178670853,6.018097741665663,-0.2882922080086816,False
rsi,BTC,1d,-20.7,-0.482,-35.31,1,0.0,-29.59809774166566,-0.6187077919913184,-49.71541178670853,8.898097741665662,0.13670779199131844,False
bollinger_bands,BTC,1d,-6.63,-0.061,-31.57,5,60.0,-29.59809774166566,-0.6187077919913184,-49.71541178670853,22.968097741665662,0.5577077919913185,True
macd,BTC,1d,-10.93,-0.222,-27.9,14,28.57,-29.59809774166566,-0.6187077919913184,-49.71541178670853,18.66809774166566,0.39670779199131845,True
mean_reversion,BTC,1d,-41.36,-1.42,-45.41,4,0.0,-29.59809774166566,-0.6187077919913184,-49.71541178670853,-11.761902258334338,-0.8012922080086815,False
momentum,BTC,1d,-30.91,-1.301,-43.95,8,25.0,-29.59809774166566,-0.6187077919913184,-49.71541178670853,-1.3119022583343387,-0.6822922080086815,False
volume_weighted,BTC,1d,5.43,0.378,-11.77,2,50.0,-29.59809774166566,-0.6187077919913184,-49.71541178670853,35.02809774166566,0.9967077919913184,False
triple_ema,BTC,1d,-9.66,-0.411,-18.13,7,14.29,-29.59809774166566,-0.6187077919913184,-49.71541178670853,19.93809774166566,0.20770779199131845,True
rsi_macd_combo,BTC,1d,-30.94,-0.77,-49.72,1,0.0,-29.59809774166566,-0.6187077919913184,-49.71541178670853,-1.3419022583343398,-0.1512922080086816,False
stoch_rsi,BTC,1d,-13.64,-0.346,-30.98,8,50.0,-29.59809774166566,-0.6187077919913184,-49.71541178670853,15.95809774166566,0.27270779199131845,True
supertrend,BTC,1d,0.0,0.0,0.0,0,0.0,-29.59809774166566,-0.6187077919913184,-49.71541178670853,29.59809774166566,0.6187077919913184,False
ichimoku_cloud,BTC,1d,-33.9,-1.032,-43.68,3,0.0,-29.59809774166566,-0.6187077919913184,-49.71541178670853,-4.301902258334337,-0.4132922080086816,False
pairs_spread,BTC,1d,-8.31,-0.271,-17.56,4,25.0,-29.59809774166566,-0.6187077919913184,-49.71541178670853,21.28809774166566,0.3477077919913184,True
squeeze_momentum,BTC,1d,-19.65,-0.518,-35.31,1,0.0,-29.59809774166566,-0.6187077919913184,-49.71541178670853,9.948097741665663,0.10070779199131841,False
atr_breakout,BTC,1d,-6.9,-0.149,-24.28,4,50.0,-29.59809774166566,-0.6187077919913184,-49.71541178670853,22.698097741665663,0.4697077919913184,True
amd_ifvg,BTC,1d,0.0,0.0,0.0,0,0.0,-29.59809774166566,-0.6187077919913184,-49.71541178670853,29.59809774166566,0.6187077919913184,False
heikin_ashi_ema,BTC,1d,-16.41,-0.628,-30.5,10,40.0,-29.59809774166566,-0.6187077919913184,-49.71541178670853,13.188097741665661,-0.00929220800868158,False
order_blocks,BTC,1d,-7.22,-0.409,-13.41,3,0.0,-29.59809774166566,-0.6187077919913184,-49.71541178670853,22.378097741665663,0.20970779199131845,False
vwap_reversion,BTC,1d,-43.39,-1.153,-44.19,90,54.44,-29.59809774166566,-0.6187077919913184,-49.71541178670853,-13.79190225833434,-0.5342922080086816,False
chart_pattern,BTC,1d,-15.44,-0.671,-24.47,1,0.0,-29.59809774166566,-0.6187077919913184,-49.71541178670853,14.158097741665662,-0.05229220800868162,False
liquidity_sweeps,BTC,1d,-13.77,-0.726,-26.17,1,0.0,-29.59809774166566,-0.6187077919913184,-49.71541178670853,15.828097741665662,-0.10729220800868156,False
parabolic_sar,BTC,1d,-22.71,-0.693,-36.47,14,35.71,-29.59809774166566,-0.6187077919913184,-49.71541178670853,6.888097741665661,-0.07429220800868153,False
range_scalper,BTC,1d,0.0,0.0,0.0,0,0.0,-29.59809774166566,-0.6187077919913184,-49.71541178670853,29.59809774166566,0.6187077919913184,False
sweep_squeeze_combo,BTC,1d,-35.41,-0.933,-49.72,1,0.0,-29.59809774166566,-0.6187077919913184,-49.71541178670853,-5.811902258334335,-0.31429220800868163,False
adx_trend,BTC,1d,2.62,0.237,-11.82,2,50.0,-29.59809774166566,-0.6187077919913184,-49.71541178670853,32.21809774166566,0.8557077919913184,False
donchian_breakout,BTC,1d,-18.22,-0.635,-33.53,5,40.0,-29.59809774166566,-0.6187077919913184,-49.71541178670853,11.378097741665663,-0.016292208008681586,False
tema_cross,BTC,1d,-14.14,-0.96,-14.14,5,0.0,-29.59809774166566,-0.6187077919913184,-49.71541178670853,15.45809774166566,-0.34129220800868154,False
sma_crossover,ETH,1d,-24.02,-0.445,-47.45,3,33.33,-20.487691097344495,-0.013524234027752253,-62.23558080170783,-3.5323089026555046,-0.43147576597224774,False
ema_crossover,ETH,1d,-3.7,0.139,-44.96,7,14.29,-20.487691097344495,-0.013524234027752253,-62.23558080170783,16.787691097344496,0.15252423402775225,True
rsi,ETH,1d,-23.7,-0.182,-60.95,2,50.0,-20.487691097344495,-0.013524234027752253,-62.23558080170783,-3.2123089026555043,-0.16847576597224775,False
bollinger_bands,ETH,1d,-34.59,-0.633,-56.67,4,25.0,-20.487691097344495,-0.013524234027752253,-62.23558080170783,-14.102308902655508,-0.6194757659722477,False
macd,ETH,1d,-18.72,-0.178,-55.66,13,15.38,-20.487691097344495,-0.013524234027752253,-62.23558080170783,1.7676910973444961,-0.16447576597224775,False
mean_reversion,ETH,1d,-53.11,-1.538,-58.48,4,25.0,-20.487691097344495,-0.013524234027752253,-62.23558080170783,-32.622308902655504,-1.5244757659722479,False
momentum,ETH,1d,-27.9,-0.417,-59.53,12,33.33,-20.487691097344495,-0.013524234027752253,-62.23558080170783,-7.412308902655504,-0.4034757659722477,False
volume_weighted,ETH,1d,56.45,1.232,-29.04,3,66.67,-20.487691097344495,-0.013524234027752253,-62.23558080170783,76.9376910973445,1.2455242340277521,False
triple_ema,ETH,1d,-7.51,-0.013,-40.16,7,14.29,-20.487691097344495,-0.013524234027752253,-62.23558080170783,12.977691097344495,0.0005242340277522538,True
rsi_macd_combo,ETH,1d,-22.0,-0.33,-45.67,1,0.0,-20.487691097344495,-0.013524234027752253,-62.23558080170783,-1.512308902655505,-0.31647576597224775,False
stoch_rsi,ETH,1d,-3.81,0.105,-45.69,8,62.5,-20.487691097344495,-0.013524234027752253,-62.23558080170783,16.677691097344496,0.11852423402775225,True
supertrend,ETH,1d,0.0,0.0,0.0,0,0.0,-20.487691097344495,-0.013524234027752253,-62.23558080170783,20.487691097344495,0.013524234027752253,False
ichimoku_cloud,ETH,1d,-29.19,-1.69,-29.22,2,0.0,-20.487691097344495,-0.013524234027752253,-62.23558080170783,-8.702308902655506,-1.6764757659722478,False
pairs_spread,ETH,1d,-26.65,-0.729,-37.11,4,25.0,-20.487691097344495,-0.013524234027752253,-62.23558080170783,-6.162308902655504,-0.7154757659722477,False
squeeze_momentum,ETH,1d,-14.04,0.04,-60.43,2,50.0,-20.487691097344495,-0.013524234027752253,-62.23558080170783,6.447691097344496,0.053524234027752256,False
atr_breakout,ETH,1d,5.25,0.335,-38.22,4,25.0,-20.487691097344495,-0.013524234027752253,-62.23558080170783,25.737691097344495,0.3485242340277523,True
amd_ifvg,ETH,1d,0.0,0.0,0.0,0,0.0,-20.487691097344495,-0.013524234027752253,-62.23558080170783,20.487691097344495,0.013524234027752253,False
heikin_ashi_ema,ETH,1d,-20.38,-0.299,-41.77,10,30.0,-20.487691097344495,-0.013524234027752253,-62.23558080170783,0.107691097344496,-0.2854757659722477,False
order_blocks,ETH,1d,-57.9,-1.522,-61.62,4,0.0,-20.487691097344495,-0.013524234027752253,-62.23558080170783,-37.412308902655504,-1.5084757659722479,False
vwap_reversion,ETH,1d,-53.28,-0.749,-64.4,92,51.09,-20.487691097344495,-0.013524234027752253,-62.23558080170783,-32.792308902655506,-0.7354757659722477,False
chart_pattern,ETH,1d,30.21,0.975,-20.35,1,100.0,-20.487691097344495,-0.013524234027752253,-62.23558080170783,50.697691097344496,0.9885242340277522,False
liquidity_sweeps,ETH,1d,0.0,0.0,0.0,0,0.0,-20.487691097344495,-0.013524234027752253,-62.23558080170783,20.487691097344495,0.013524234027752253,False
parabolic_sar,ETH,1d,-35.57,-0.685,-57.76,16,31.25,-20.487691097344495,-0.013524234027752253,-62.23558080170783,-15.082308902655505,-0.6714757659722478,False
range_scalper,ETH,1d,0.0,0.0,0.0,0,0.0,-20.487691097344495,-0.013524234027752253,-62.23558080170783,20.487691097344495,0.013524234027752253,False
sweep_squeeze_combo,ETH,1d,0.0,0.0,0.0,0,0.0,-20.487691097344495,-0.013524234027752253,-62.23558080170783,20.487691097344495,0.013524234027752253,False
adx_trend,ETH,1d,-13.35,-0.462,-16.93,3,33.33,-20.487691097344495,-0.013524234027752253,-62.23558080170783,7.137691097344495,-0.44847576597224775,False
donchian_breakout,ETH,1d,-0.95,0.205,-48.19,4,25.0,-20.487691097344495,-0.013524234027752253,-62.23558080170783,19.537691097344496,0.21852423402775223,True
tema_cross,ETH,1d,2.05,0.211,-15.1,5,20.0,-20.487691097344495,-0.013524234027752253,-62.23558080170783,22.537691097344496,0.22452423402775223,True
sma_crossover,SOL,1d,-42.31,-0.834,-58.68,4,25.0,-47.707827863618945,-0.5542840781585064,-68.60352351705188,5.397827863618943,-0.2797159218414935,False
ema_crossover,SOL,1d,-35.36,-0.706,-53.11,9,22.22,-47.707827863618945,-0.5542840781585064,-68.60352351705188,12.347827863618946,-0.15171592184149352,False
rsi,SOL,1d,-42.22,-0.887,-53.56,1,0.0,-47.707827863618945,-0.5542840781585064,-68.60352351705188,5.487827863618946,-0.33271592184149357,False
bollinger_bands,SOL,1d,-45.68,-0.847,-65.23,3,33.33,-47.707827863618945,-0.5542840781585064,-68.60352351705188,2.0278278636189455,-0.29271592184149353,False
macd,SOL,1d,-32.64,-0.475,-49.46,15,33.33,-47.707827863618945,-0.5542840781585064,-68.60352351705188,15.067827863618945,0.07928407815850647,True
mean_reversion,SOL,1d,-46.62,-1.003,-58.82,4,50.0,-47.707827863618945,-0.5542840781585064,-68.60352351705188,1.0878278636189478,-0.44871592184149345,False
momentum,SOL,1d,-44.4,-0.912,-60.67,10,20.0,-47.707827863618945,-0.5542840781585064,-68.60352351705188,3.3078278636189467,-0.3577159218414936,False
volume_weighted,SOL,1d,-58.23,-1.047,-68.6,2,0.0,-47.707827863618945,-0.5542840781585064,-68.60352351705188,-10.522172136381052,-0.4927159218414935,False
triple_ema,SOL,1d,-27.0,-0.578,-44.72,5,20.0,-47.707827863618945,-0.5542840781585064,-68.60352351705188,20.707827863618945,-0.023715921841493515,False
rsi_macd_combo,SOL,1d,-57.77,-1.409,-60.89,1,0.0,-47.707827863618945,-0.5542840781585064,-68.60352351705188,-10.062172136381058,-0.8547159218414936,False
stoch_rsi,SOL,1d,-17.09,-0.136,-50.12,7,42.86,-47.707827863618945,-0.5542840781585064,-68.60352351705188,30.617827863618945,0.41828407815850643,True
supertrend,SOL,1d,0.0,0.0,0.0,0,0.0,-47.707827863618945,-0.5542840781585064,-68.60352351705188,47.707827863618945,0.5542840781585064,False
ichimoku_cloud,SOL,1d,-68.4,-1.558,-74.21,4,0.0,-47.707827863618945,-0.5542840781585064,-68.60352351705188,-20.69217213638106,-1.0037159218414935,False
pairs_spread,SOL,1d,-34.21,-0.852,-41.31,2,0.0,-47.707827863618945,-0.5542840781585064,-68.60352351705188,13.497827863618944,-0.29771592184149354,False
squeeze_momentum,SOL,1d,-52.71,-1.064,-61.05,2,0.0,-47.707827863618945,-0.5542840781585064,-68.60352351705188,-5.002172136381056,-0.5097159218414936,False
atr_breakout,SOL,1d,-10.62,-0.097,-30.47,3,33.33,-47.707827863618945,-0.5542840781585064,-68.60352351705188,37.08782786361895,0.45728407815850647,False
amd_ifvg,SOL,1d,0.0,0.0,0.0,0,0.0,-47.707827863618945,-0.5542840781585064,-68.60352351705188,47.707827863618945,0.5542840781585064,False
heikin_ashi_ema,SOL,1d,-38.66,-0.781,-52.85,9,33.33,-47.707827863618945,-0.5542840781585064,-68.60352351705188,9.047827863618949,-0.22671592184149358,False
order_blocks,SOL,1d,25.9,0.851,-22.47,3,66.67,-47.707827863618945,-0.5542840781585064,-68.60352351705188,73.60782786361895,1.4052840781585063,False
vwap_reversion,SOL,1d,-54.73,-0.674,-60.77,91,49.45,-47.707827863618945,-0.5542840781585064,-68.60352351705188,-7.022172136381052,-0.1197159218414936,False
chart_pattern,SOL,1d,-17.37,-0.159,-45.05,2,0.0,-47.707827863618945,-0.5542840781585064,-68.60352351705188,30.337827863618944,0.3952840781585064,False
liquidity_sweeps,SOL,1d,-11.28,-0.091,-34.88,2,50.0,-47.707827863618945,-0.5542840781585064,-68.60352351705188,36.427827863618944,0.4632840781585065,False
parabolic_sar,SOL,1d,-26.45,-0.382,-41.98,13,23.08,-47.707827863618945,-0.5542840781585064,-68.60352351705188,21.257827863618946,0.17228407815850644,True
range_scalper,SOL,1d,0.0,0.0,0.0,0,0.0,-47.707827863618945,-0.5542840781585064,-68.60352351705188,47.707827863618945,0.5542840781585064,False
sweep_squeeze_combo,SOL,1d,0.0,0.0,0.0,0,0.0,-47.707827863618945,-0.5542840781585064,-68.60352351705188,47.707827863618945,0.5542840781585064,False
adx_trend,SOL,1d,-7.15,-0.948,-8.73,1,0.0,-47.707827863618945,-0.5542840781585064,-68.60352351705188,40.55782786361895,-0.3937159218414935,False
donchian_breakout,SOL,1d,-21.98,-0.371,-48.11,4,25.0,-47.707827863618945,-0.5542840781585064,-68.60352351705188,25.727827863618945,0.18328407815850645,True
tema_cross,SOL,1d,-16.02,-0.319,-34.55,4,50.0,-47.707827863618945,-0.5542840781585064,-68.60352351705188,31.687827863618946,0.23528407815850644,True
sma_crossover,XRP,1d,-40.78,-1.511,-42.95,4,0.0,-38.742636229749635,-0.3933982701377666,-65.91732936184562,-2.0373637702503657,-1.1176017298622334,False
ema_crossover,XRP,1d,-29.22,-0.728,-51.38,9,11.11,-38.742636229749635,-0.3933982701377666,-65.91732936184562,9.522636229749637,-0.33460172986223335,False
rsi,XRP,1d,-22.12,-0.412,-31.6,2,0.0,-38.742636229749635,-0.3933982701377666,-65.91732936184562,16.622636229749634,-0.01860172986223335,False
bollinger_bands,XRP,1d,-5.79,0.159,-46.64,3,33.33,-38.742636229749635,-0.3933982701377666,-65.91732936184562,32.952636229749636,0.5523982701377667,False
macd,XRP,1d,-26.19,-0.371,-50.95,13,23.08,-38.742636229749635,-0.3933982701377666,-65.91732936184562,12.552636229749634,0.02239827013776663,True
mean_reversion,XRP,1d,-9.79,-0.022,-27.14,7,42.86,-38.742636229749635,-0.3933982701377666,-65.91732936184562,28.952636229749636,0.3713982701377666,True
momentum,XRP,1d,-31.87,-0.775,-57.43,9,11.11,-38.742636229749635,-0.3933982701377666,-65.91732936184562,6.872636229749634,-0.3816017298622334,False
volume_weighted,XRP,1d,-37.63,-0.917,-48.39,2,0.0,-38.742636229749635,-0.3933982701377666,-65.91732936184562,1.1126362297496328,-0.5236017298622334,False
triple_ema,XRP,1d,-21.29,-0.586,-44.8,9,11.11,-38.742636229749635,-0.3933982701377666,-65.91732936184562,17.452636229749636,-0.19260172986223334,False
rsi_macd_combo,XRP,1d,-27.61,-0.633,-32.34,2,0.0,-38.742636229749635,-0.3933982701377666,-65.91732936184562,11.132636229749636,-0.23960172986223338,False
stoch_rsi,XRP,1d,0.36,0.25,-39.29,9,66.67,-38.742636229749635,-0.3933982701377666,-65.91732936184562,39.102636229749635,0.6433982701377666,True
supertrend,XRP,1d,0.0,0.0,0.0,0,0.0,-38.742636229749635,-0.3933982701377666,-65.91732936184562,38.742636229749635,0.3933982701377666,False
ichimoku_cloud,XRP,1d,-6.78,-0.604,-10.17,1,0.0,-38.742636229749635,-0.3933982701377666,-65.91732936184562,31.962636229749634,-0.21060172986223336,False
pairs_spread,XRP,1d,-15.96,-0.114,-34.39,4,25.0,-38.742636229749635,-0.3933982701377666,-65.91732936184562,22.782636229749635,0.27939827013776664,True
squeeze_momentum,XRP,1d,-17.98,-0.164,-49.78,2,0.0,-38.742636229749635,-0.3933982701377666,-65.91732936184562,20.762636229749635,0.22939827013776662,False
atr_breakout,XRP,1d,-41.15,-0.634,-58.55,3,33.33,-38.742636229749635,-0.3933982701377666,-65.91732936184562,-2.407363770250363,-0.24060172986223338,False
amd_ifvg,XRP,1d,0.0,0.0,0.0,0,0.0,-38.742636229749635,-0.3933982701377666,-65.91732936184562,38.742636229749635,0.3933982701377666,False
heikin_ashi_ema,XRP,1d,-32.69,-0.574,-56.11,9,22.22,-38.742636229749635,-0.3933982701377666,-65.91732936184562,6.052636229749638,-0.18060172986223333,False
order_blocks,XRP,1d,-38.9,-0.755,-50.35,2,0.0,-38.742636229749635,-0.3933982701377666,-65.91732936184562,-0.1573637702503632,-0.3616017298622334,False
vwap_reversion,XRP,1d,-65.09,-1.208,-67.49,94,47.87,-38.742636229749635,-0.3933982701377666,-65.91732936184562,-26.347363770250368,-0.8146017298622333,False
chart_pattern,XRP,1d,-1.45,0.16,-33.37,1,0.0,-38.742636229749635,-0.3933982701377666,-65.91732936184562,37.29263622974963,0.5533982701377667,False
liquidity_sweeps,XRP,1d,-45.8,-0.795,-61.13,2,50.0,-38.742636229749635,-0.3933982701377666,-65.91732936184562,-7.057363770250362,-0.4016017298622334,False
parabolic_sar,XRP,1d,-13.72,-0.075,-42.58,14,28.57,-38.742636229749635,-0.3933982701377666,-65.91732936184562,25.022636229749637,0.3183982701377666,True
range_scalper,XRP,1d,0.0,0.0,0.0,0,0.0,-38.742636229749635,-0.3933982701377666,-65.91732936184562,38.742636229749635,0.3933982701377666,False
sweep_squeeze_combo,XRP,1d,-30.36,-0.608,-48.39,1,0.0,-38.742636229749635,-0.3933982701377666,-65.91732936184562,8.382636229749636,-0.21460172986223336,False
adx_trend,XRP,1d,-33.88,-0.746,-48.39,1,0.0,-38.742636229749635,-0.3933982701377666,-65.91732936184562,4.862636229749633,-0.35260172986223337,False
donchian_breakout,XRP,1d,-13.76,-0.155,-42.43,3,33.33,-38.742636229749635,-0.3933982701377666,-65.91732936184562,24.982636229749637,0.23839827013776663,False
tema_cross,XRP,1d,-18.15,-1.328,-20.81,4,0.0,-38.742636229749635,-0.3933982701377666,-65.91732936184562,20.592636229749637,-0.9346017298622334,False
sma_crossover,DOGE,1d,-37.33,-0.617,-49.57,4,25.0,-48.05363546593212,-0.4191539920836023,-69.47226635352628,10.72363546593212,-0.19784600791639767,False
ema_crossover,DOGE,1d,-43.75,-0.825,-62.42,7,28.57,-48.05363546593212,-0.4191539920836023,-69.47226635352628,4.303635465932118,-0.40584600791639763,False
rsi,DOGE,1d,45.9,1.039,-28.2,2,50.0,-48.05363546593212,-0.4191539920836023,-69.47226635352628,93.95363546593211,1.4581539920836022,False
bollinger_bands,DOGE,1d,-33.68,-0.489,-50.34,4,25.0,-48.05363546593212,-0.4191539920836023,-69.47226635352628,14.373635465932118,-0.06984600791639767,False
macd,DOGE,1d,-57.68,-0.95,-74.71,17,23.53,-48.05363546593212,-0.4191539920836023,-69.47226635352628,-9.626364534067882,-0.5308460079163977,False
mean_reversion,DOGE,1d,-36.72,-0.773,-45.13,3,0.0,-48.05363546593212,-0.4191539920836023,-69.47226635352628,11.333635465932119,-0.3538460079163977,False
momentum,DOGE,1d,-43.94,-0.845,-70.09,10,30.0,-48.05363546593212,-0.4191539920836023,-69.47226635352628,4.11363546593212,-0.42584600791639765,False
volume_weighted,DOGE,1d,-28.06,-0.545,-41.89,3,0.0,-48.05363546593212,-0.4191539920836023,-69.47226635352628,19.99363546593212,-0.12584600791639772,False
triple_ema,DOGE,1d,-49.3,-1.075,-62.66,7,0.0,-48.05363546593212,-0.4191539920836023,-69.47226635352628,-1.2463645340678795,-0.6558460079163977,False
rsi_macd_combo,DOGE,1d,-21.43,-0.086,-60.92,2,50.0,-48.05363546593212,-0.4191539920836023,-69.47226635352628,26.623635465932118,0.3331539920836023,False
stoch_rsi,DOGE,1d,-45.37,-0.864,-51.31,6,16.67,-48.05363546593212,-0.4191539920836023,-69.47226635352628,2.68363546593212,-0.44484600791639767,False
supertrend,DOGE,1d,0.0,0.0,0.0,0,0.0,-48.05363546593212,-0.4191539920836023,-69.47226635352628,48.05363546593212,0.4191539920836023,False
ichimoku_cloud,DOGE,1d,-62.81,-1.297,-69.47,1,0.0,-48.05363546593212,-0.4191539920836023,-69.47226635352628,-14.756364534067885,-0.8778460079163977,False
pairs_spread,DOGE,1d,-41.41,-0.846,-45.59,2,0.0,-48.05363546593212,-0.4191539920836023,-69.47226635352628,6.643635465932121,-0.42684600791639765,False
squeeze_momentum,DOGE,1d,-12.65,0.04,-47.94,4,50.0,-48.05363546593212,-0.4191539920836023,-69.47226635352628,35.40363546593212,0.4591539920836023,True
atr_breakout,DOGE,1d,-48.15,-0.801,-56.24,3,0.0,-48.05363546593212,-0.4191539920836023,-69.47226635352628,-0.09636453406788092,-0.3818460079163977,False
amd_ifvg,DOGE,1d,0.0,0.0,0.0,0,0.0,-48.05363546593212,-0.4191539920836023,-69.47226635352628,48.05363546593212,0.4191539920836023,False
heikin_ashi_ema,DOGE,1d,-39.46,-0.751,-57.82,9,33.33,-48.05363546593212,-0.4191539920836023,-69.47226635352628,8.593635465932117,-0.3318460079163977,False
order_blocks,DOGE,1d,-34.45,-0.383,-55.65,3,33.33,-48.05363546593212,-0.4191539920836023,-69.47226635352628,13.603635465932115,0.036153992083602315,False
vwap_reversion,DOGE,1d,-61.98,-0.813,-66.65,92,51.09,-48.05363546593212,-0.4191539920836023,-69.47226635352628,-13.92636453406788,-0.3938460079163976,False
chart_pattern,DOGE,1d,0.0,0.0,0.0,0,0.0,-48.05363546593212,-0.4191539920836023,-69.47226635352628,48.05363546593212,0.4191539920836023,False
liquidity_sweeps,DOGE,1d,-51.68,-1.037,-57.27,1,0.0,-48.05363546593212,-0.4191539920836023,-69.47226635352628,-3.626364534067882,-0.6178460079163977,False
parabolic_sar,DOGE,1d,-26.87,-0.321,-54.83,13,30.77,-48.05363546593212,-0.4191539920836023,-69.47226635352628,21.183635465932117,0.09815399208360231,True
range_scalper,DOGE,1d,0.0,0.0,0.0,0,0.0,-48.05363546593212,-0.4191539920836023,-69.47226635352628,48.05363546593212,0.4191539920836023,False
sweep_squeeze_combo,DOGE,1d,0.0,0.0,0.0,0,0.0,-48.05363546593212,-0.4191539920836023,-69.47226635352628,48.05363546593212,0.4191539920836023,False
adx_trend,DOGE,1d,-34.23,-1.027,-41.89,1,0.0,-48.05363546593212,-0.4191539920836023,-69.47226635352628,13.82363546593212,-0.6078460079163976,False
donchian_breakout,DOGE,1d,-16.58,-0.063,-47.51,3,33.33,-48.05363546593212,-0.4191539920836023,-69.47226635352628,31.47363546593212,0.3561539920836023,False
tema_cross,DOGE,1d,-43.61,-1.416,-47.63,4,0.0,-48.05363546593212,-0.4191539920836023,-69.47226635352628,4.443635465932118,-0.9968460079163977,False
sma_crossover,ADA,1d,-20.37,-0.487,-31.6,3,0.0,-65.91399416909621,-1.038830768237757,-75.76451008945288,45.54399416909621,0.5518307682377571,False
ema_crossover,ADA,1d,-19.34,-0.333,-34.41,7,14.29,-65.91399416909621,-1.038830768237757,-75.76451008945288,46.57399416909621,0.7058307682377571,True
rsi,ADA,1d,-53.4,-0.924,-69.94,2,50.0,-65.91399416909621,-1.038830768237757,-75.76451008945288,12.513994169096215,0.11483076823775706,False
bollinger_bands,ADA,1d,-43.72,-0.57,-64.53,4,50.0,-65.91399416909621,-1.038830768237757,-75.76451008945288,22.193994169096214,0.46883076823775716,True
macd,ADA,1d,-59.95,-1.142,-72.2,16,25.0,-65.91399416909621,-1.038830768237757,-75.76451008945288,5.96399416909621,-0.1031692317622428,False
mean_reversion,ADA,1d,-64.11,-1.374,-69.11,4,0.0,-65.91399416909621,-1.038830768237757,-75.76451008945288,1.8039941690962138,-0.335169231762243,False
momentum,ADA,1d,-55.5,-1.415,-71.04,11,18.18,-65.91399416909621,-1.038830768237757,-75.76451008945288,10.413994169096213,-0.37616923176224293,False
volume_weighted,ADA,1d,-19.93,-0.896,-21.46,2,0.0,-65.91399416909621,-1.038830768237757,-75.76451008945288,45.98399416909621,0.1428307682377571,False
triple_ema,ADA,1d,-23.57,-0.671,-35.53,6,16.67,-65.91399416909621,-1.038830768237757,-75.76451008945288,42.34399416909621,0.36783076823775707,True
rsi_macd_combo,ADA,1d,-48.53,-0.789,-67.4,2,50.0,-65.91399416909621,-1.038830768237757,-75.76451008945288,17.383994169096212,0.24983076823775707,False
stoch_rsi,ADA,1d,-37.79,-0.593,-60.43,8,50.0,-65.91399416909621,-1.038830768237757,-75.76451008945288,28.123994169096214,0.44583076823775714,True
supertrend,ADA,1d,0.0,0.0,0.0,0,0.0,-65.91399416909621,-1.038830768237757,-75.76451008945288,65.91399416909621,1.038830768237757,False
ichimoku_cloud,ADA,1d,-9.15,-0.293,-17.03,1,0.0,-65.91399416909621,-1.038830768237757,-75.76451008945288,56.763994169096215,0.7458307682377572,False
pairs_spread,ADA,1d,-54.45,-1.03,-63.41,3,33.33,-65.91399416909621,-1.038830768237757,-75.76451008945288,11.46399416909621,0.00883076823775708,False
squeeze_momentum,ADA,1d,-23.24,-0.235,-50.23,2,0.0,-65.91399416909621,-1.038830768237757,-75.76451008945288,42.67399416909622,0.8038307682377571,False
atr_breakout,ADA,1d,-58.48,-1.082,-70.79,3,0.0,-65.91399416909621,-1.038830768237757,-75.76451008945288,7.433994169096216,-0.043169231762242966,False
amd_ifvg,ADA,1d,0.0,0.0,0.0,0,0.0,-65.91399416909621,-1.038830768237757,-75.76451008945288,65.91399416909621,1.038830768237757,False
heikin_ashi_ema,ADA,1d,-51.02,-1.315,-59.64,9,22.22,-65.91399416909621,-1.038830768237757,-75.76451008945288,14.89399416909621,-0.27616923176224284,False
order_blocks,ADA,1d,-55.52,-1.483,-58.88,2,0.0,-65.91399416909621,-1.038830768237757,-75.76451008945288,10.39399416909621,-0.444169231762243,False
vwap_reversion,ADA,1d,-68.47,-1.139,-72.14,91,48.35,-65.91399416909621,-1.038830768237757,-75.76451008945288,-2.5560058309037856,-0.1001692317622429,False
chart_pattern,ADA,1d,0.0,0.0,0.0,0,0.0,-65.91399416909621,-1.038830768237757,-75.76451008945288,65.91399416909621,1.038830768237757,False
liquidity_sweeps,ADA,1d,-66.56,-1.602,-66.7,1,0.0,-65.91399416909621,-1.038830768237757,-75.76451008945288,-0.646005830903789,-0.563169231762243,False
parabolic_sar,ADA,1d,-49.25,-0.964,-66.11,16,18.75,-65.91399416909621,-1.038830768237757,-75.76451008945288,16.663994169096213,0.07483076823775714,True
range_scalper,ADA,1d,0.0,0.0,0.0,0,0.0,-65.91399416909621,-1.038830768237757,-75.76451008945288,65.91399416909621,1.038830768237757,False
sweep_squeeze_combo,ADA,1d,-70.52,-1.582,-73.27,1,0.0,-65.91399416909621,-1.038830768237757,-75.76451008945288,-4.606005830903783,-0.543169231762243,False
adx_trend,ADA,1d,-42.18,-1.308,-49.66,3,0.0,-65.91399416909621,-1.038830768237757,-75.76451008945288,23.733994169096214,-0.26916923176224294,False
donchian_breakout,ADA,1d,-35.74,-0.987,-55.57,4,25.0,-65.91399416909621,-1.038830768237757,-75.76451008945288,30.17399416909621,0.05183076823775712,True
tema_cross,ADA,1d,-0.08,0.128,-16.47,3,33.33,-65.91399416909621,-1.038830768237757,-75.76451008945288,65.83399416909621,1.166830768237757,False
sma_crossover,AVAX,1d,-38.57,-0.608,-57.63,4,0.0,-57.24519230769231,-0.6775890180009982,-76.47727272727273,18.675192307692306,0.06958901800099826,True
ema_crossover,AVAX,1d,-40.95,-0.642,-58.69,7,14.29,-57.24519230769231,-0.6775890180009982,-76.47727272727273,16.295192307692304,0.03558901800099823,True
rsi,AVAX,1d,-48.03,-0.811,-66.06,2,50.0,-57.24519230769231,-0.6775890180009982,-76.47727272727273,9.215192307692305,-0.1334109819990018,False
bollinger_bands,AVAX,1d,-47.93,-1.075,-58.07,2,0.0,-57.24519230769231,-0.6775890180009982,-76.47727272727273,9.315192307692307,-0.3974109819990017,False
macd,AVAX,1d,-42.86,-0.656,-57.01,14,28.57,-57.24519230769231,-0.6775890180009982,-76.47727272727273,14.385192307692307,0.021589018000998217,True
mean_reversion,AVAX,1d,-48.04,-1.052,-55.49,4,25.0,-57.24519230769231,-0.6775890180009982,-76.47727272727273,9.205192307692307,-0.3744109819990018,False
momentum,AVAX,1d,5.28,0.343,-34.0,9,22.22,-57.24519230769231,-0.6775890180009982,-76.47727272727273,62.52519230769231,1.0205890180009982,True
volume_weighted,AVAX,1d,10.33,0.457,-24.86,2,50.0,-57.24519230769231,-0.6775890180009982,-76.47727272727273,67.5751923076923,1.1345890180009983,False
triple_ema,AVAX,1d,-33.42,-0.707,-35.83,7,14.29,-57.24519230769231,-0.6775890180009982,-76.47727272727273,23.825192307692305,-0.029410981999001717,False
rsi_macd_combo,AVAX,1d,-13.5,-0.013,-48.66,3,33.33,-57.24519230769231,-0.6775890180009982,-76.47727272727273,43.74519230769231,0.6645890180009982,False
stoch_rsi,AVAX,1d,-35.42,-0.429,-61.07,7,57.14,-57.24519230769231,-0.6775890180009982,-76.47727272727273,21.825192307692305,0.24858901800099825,True
supertrend,AVAX,1d,0.0,0.0,0.0,0,0.0,-57.24519230769231,-0.6775890180009982,-76.47727272727273,57.24519230769231,0.6775890180009982,False
ichimoku_cloud,AVAX,1d,-59.88,-1.326,-70.57,3,0.0,-57.24519230769231,-0.6775890180009982,-76.47727272727273,-2.634807692307696,-0.6484109819990018,False
pairs_spread,AVAX,1d,-49.12,-1.174,-53.28,2,0.0,-57.24519230769231,-0.6775890180009982,-76.47727272727273,8.12519230769231,-0.4964109819990017,False
squeeze_momentum,AVAX,1d,-68.52,-1.389,-77.16,3,0.0,-57.24519230769231,-0.6775890180009982,-76.47727272727273,-11.27480769230769,-0.7114109819990018,False
atr_breakout,AVAX,1d,-44.94,-1.134,-55.51,3,0.0,-57.24519230769231,-0.6775890180009982,-76.47727272727273,12.305192307692309,-0.45641098199900165,False
amd_ifvg,AVAX,1d,0.0,0.0,0.0,0,0.0,-57.24519230769231,-0.6775890180009982,-76.47727272727273,57.24519230769231,0.6775890180009982,False
heikin_ashi_ema,AVAX,1d,-13.49,-0.141,-39.36,7,42.86,-57.24519230769231,-0.6775890180009982,-76.47727272727273,43.755192307692305,0.5365890180009982,True
order_blocks,AVAX,1d,-69.11,-1.961,-70.2,4,0.0,-57.24519230769231,-0.6775890180009982,-76.47727272727273,-11.864807692307693,-1.2834109819990018,False
vwap_reversion,AVAX,1d,-51.24,-0.622,-62.61,89,57.3,-57.24519230769231,-0.6775890180009982,-76.47727272727273,6.005192307692305,0.05558901800099825,True
chart_pattern,AVAX,1d,-35.32,-0.94,-46.59,2,0.0,-57.24519230769231,-0.6775890180009982,-76.47727272727273,21.925192307692306,-0.2624109819990017,False
liquidity_sweeps,AVAX,1d,-53.61,-1.139,-60.21,2,0.0,-57.24519230769231,-0.6775890180009982,-76.47727272727273,3.635192307692307,-0.46141098199900177,False
parabolic_sar,AVAX,1d,-41.5,-0.765,-57.96,17,23.53,-57.24519230769231,-0.6775890180009982,-76.47727272727273,15.745192307692307,-0.08741098199900177,False
range_scalper,AVAX,1d,0.0,0.0,0.0,0,0.0,-57.24519230769231,-0.6775890180009982,-76.47727272727273,57.24519230769231,0.6775890180009982,False
sweep_squeeze_combo,AVAX,1d,0.0,0.0,0.0,0,0.0,-57.24519230769231,-0.6775890180009982,-76.47727272727273,57.24519230769231,0.6775890180009982,False
adx_trend,AVAX,1d,-59.98,-1.004,-77.47,2,50.0,-57.24519230769231,-0.6775890180009982,-76.47727272727273,-2.7348076923076903,-0.32641098199900176,False
donchian_breakout,AVAX,1d,-3.43,0.203,-46.81,2,50.0,-57.24519230769231,-0.6775890180009982,-76.47727272727273,53.81519230769231,0.8805890180009983,False
tema_cross,AVAX,1d,-7.51,-0.069,-22.59,6,16.67,-57.24519230769231,-0.6775890180009982,-76.47727272727273,49.73519230769231,0.6085890180009983,True
sma_crossover,LINK,1d,-0.42,0.222,-34.87,4,50.0,-34.552612741589115,-0.1589016061878744,-70.52906110283159,34.132612741589114,0.3809016061878744,True
ema_crossover,LINK,1d,-10.64,0.032,-43.24,7,28.57,-34.552612741589115,-0.1589016061878744,-70.52906110283159,23.912612741589115,0.1909016061878744,True
rsi,LINK,1d,19.19,0.747,-14.92,1,100.0,-34.552612741589115,-0.1589016061878744,-70.52906110283159,53.74261274158911,0.9059016061878744,False
bollinger_bands,LINK,1d,-41.84,-0.73,-61.54,3,33.33,-34.552612741589115,-0.1589016061878744,-70.52906110283159,-7.287387258410888,-0.5710983938121256,False
macd,LINK,1d,-28.95,-0.235,-58.35,14,28.57,-34.552612741589115,-0.1589016061878744,-70.52906110283159,5.602612741589116,-0.07609839381212558,False
mean_reversion,LINK,1d,-43.8,-0.931,-54.09,5,60.0,-34.552612741589115,-0.1589016061878744,-70.52906110283159,-9.247387258410882,-0.7720983938121256,False
momentum,LINK,1d,-30.37,-0.407,-59.38,10,30.0,-34.552612741589115,-0.1589016061878744,-70.52906110283159,4.182612741589114,-0.24809839381212556,False
volume_weighted,LINK,1d,-11.21,0.139,-58.09,3,33.33,-34.552612741589115,-0.1589016061878744,-70.52906110283159,23.342612741589114,0.2979016061878744,False
triple_ema,LINK,1d,-16.14,-0.163,-28.77,6,33.33,-34.552612741589115,-0.1589016061878744,-70.52906110283159,18.412612741589115,-0.004098393812125595,False
rsi_macd_combo,LINK,1d,-28.42,-0.329,-59.28,2,50.0,-34.552612741589115,-0.1589016061878744,-70.52906110283159,6.132612741589114,-0.1700983938121256,False
stoch_rsi,LINK,1d,-12.07,-0.03,-43.98,7,42.86,-34.552612741589115,-0.1589016061878744,-70.52906110283159,22.482612741589115,0.1289016061878744,True
supertrend,LINK,1d,0.0,0.0,0.0,0,0.0,-34.552612741589115,-0.1589016061878744,-70.52906110283159,34.552612741589115,0.1589016061878744,False
ichimoku_cloud,LINK,1d,-40.09,-0.879,-48.19,4,0.0,-34.552612741589115,-0.1589016061878744,-70.52906110283159,-5.537387258410888,-0.7200983938121256,False
pairs_spread,LINK,1d,-43.49,-0.996,-54.05,3,33.33,-34.552612741589115,-0.1589016061878744,-70.52906110283159,-8.937387258410887,-0.8370983938121256,False
squeeze_momentum,LINK,1d,-58.08,-1.316,-64.53,2,0.0,-34.552612741589115,-0.1589016061878744,-70.52906110283159,-23.527387258410883,-1.1570983938121255,False
atr_breakout,LINK,1d,-32.5,-0.28,-64.52,3,33.33,-34.552612741589115,-0.1589016061878744,-70.52906110283159,2.0526127415891153,-0.12109839381212562,False
amd_ifvg,LINK,1d,0.0,0.0,0.0,0,0.0,-34.552612741589115,-0.1589016061878744,-70.52906110283159,34.552612741589115,0.1589016061878744,False
heikin_ashi_ema,LINK,1d,-4.45,0.156,-35.9,7,42.86,-34.552612741589115,-0.1589016061878744,-70.52906110283159,30.102612741589116,0.31490160618787444,True
order_blocks,LINK,1d,-44.29,-0.624,-64.52,3,0.0,-34.552612741589115,-0.1589016061878744,-70.52906110283159,-9.737387258410884,-0.4650983938121256,False
vwap_reversion,LINK,1d,-36.98,-0.269,-51.77,91,58.24,-34.552612741589115,-0.1589016061878744,-70.52906110283159,-2.4273872584108815,-0.1100983938121256,False
chart_pattern,LINK,1d,-36.06,-0.923,-43.91,1,0.0,-34.552612741589115,-0.1589016061878744,-70.52906110283159,-1.507387258410887,-0.7640983938121256,False
liquidity_sweeps,LINK,1d,-34.65,-0.634,-51.68,1,0.0,-34.552612741589115,-0.1589016061878744,-70.52906110283159,-0.09738725841088325,-0.4750983938121256,False
parabolic_sar,LINK,1d,-28.68,-0.241,-62.2,15,33.33,-34.552612741589115,-0.1589016061878744,-70.52906110283159,5.872612741589116,-0.08209839381212558,False
range_scalper,LINK,1d,0.0,0.0,0.0,0,0.0,-34.552612741589115,-0.1589016061878744,-70.52906110283159,34.552612741589115,0.1589016061878744,False
sweep_squeeze_combo,LINK,1d,-23.6,-0.512,-33.91,1,0.0,-34.552612741589115,-0.1589016061878744,-70.52906110283159,10.952612741589114,-0.3530983938121256,False
adx_trend,LINK,1d,-46.32,-0.537,-68.46,3,0.0,-34.552612741589115,-0.1589016061878744,-70.52906110283159,-11.767387258410885,-0.3780983938121256,False
donchian_breakout,LINK,1d,24.98,0.708,-33.73,3,33.33,-34.552612741589115,-0.1589016061878744,-70.52906110283159,59.53261274158912,0.8669016061878744,False
tema_cross,LINK,1d,15.07,0.546,-19.11,4,25.0,-34.552612741589115,-0.1589016061878744,-70.52906110283159,49.622612741589116,0.7049016061878745,True
sma_crossover,BTC,4h,-12.56,-0.407,-36.3,26,46.15,-28.87832475634141,-0.6384112315597915,-49.96244437821047,16.31832475634141,0.23141123155979154,True
ema_crossover,BTC,4h,-44.25,-2.061,-48.46,47,23.4,-28.87832475634141,-0.6384112315597915,-49.96244437821047,-15.37167524365859,-1.4225887684402085,False
rsi,BTC,4h,-21.92,-0.574,-43.06,9,66.67,-28.87832475634141,-0.6384112315597915,-49.96244437821047,6.958324756341408,0.06441123155979156,True
bollinger_bands,BTC,4h,-7.6,-0.112,-34.15,24,58.33,-28.87832475634141,-0.6384112315597915,-49.96244437821047,21.278324756341412,0.5264112315597915,True
macd,BTC,4h,-34.51,-1.198,-39.64,87,31.03,-28.87832475634141,-0.6384112315597915,-49.96244437821047,-5.631675243658588,-0.5595887684402084,False
mean_reversion,BTC,4h,-23.48,-0.73,-45.6,31,54.84,-28.87832475634141,-0.6384112315597915,-49.96244437821047,5.39832475634141,-0.09158876844020847,False
momentum,BTC,4h,-33.8,-1.364,-42.76,13,15.38,-28.87832475634141,-0.6384112315597915,-49.96244437821047,-4.921675243658587,-0.7255887684402086,False
volume_weighted,BTC,4h,7.86,0.422,-20.24,18,50.0,-28.87832475634141,-0.6384112315597915,-49.96244437821047,36.73832475634141,1.0604112315597916,True
triple_ema,BTC,4h,-19.38,-0.869,-25.57,37,35.14,-28.87832475634141,-0.6384112315597915,-49.96244437821047,9.498324756341411,-0.23058876844020848,False
rsi_macd_combo,BTC,4h,-24.99,-0.708,-37.74,12,50.0,-28.87832475634141,-0.6384112315597915,-49.96244437821047,3.8883247563414116,-0.06958876844020845,False
stoch_rsi,BTC,4h,-29.6,-1.094,-42.29,51,49.02,-28.87832475634141,-0.6384112315597915,-49.96244437821047,-0.7216752436585914,-0.45558876844020857,False
supertrend,BTC,4h,0.0,0.0,0.0,0,0.0,-28.87832475634141,-0.6384112315597915,-49.96244437821047,28.87832475634141,0.6384112315597915,False
ichimoku_cloud,BTC,4h,-7.4,-0.201,-27.94,11,36.36,-28.87832475634141,-0.6384112315597915,-49.96244437821047,21.478324756341408,0.4374112315597915,True
pairs_spread,BTC,4h,-6.77,-0.104,-40.01,25,76.0,-28.87832475634141,-0.6384112315597915,-49.96244437821047,22.10832475634141,0.5344112315597915,True
squeeze_momentum,BTC,4h,-9.27,-0.248,-26.9,12,25.0,-28.87832475634141,-0.6384112315597915,-49.96244437821047,19.60832475634141,0.3904112315597915,True
atr_breakout,BTC,4h,-29.14,-1.27,-37.13,23,30.43,-28.87832475634141,-0.6384112315597915,-49.96244437821047,-0.2616752436585905,-0.6315887684402085,False
amd_ifvg,BTC,4h,0.0,0.0,0.0,0,0.0,-28.87832475634141,-0.6384112315597915,-49.96244437821047,28.87832475634141,0.6384112315597915,False
heikin_ashi_ema,BTC,4h,-28.02,-1.027,-36.85,49,32.65,-28.87832475634141,-0.6384112315597915,-49.96244437821047,0.8583247563414105,-0.3885887684402084,False
order_blocks,BTC,4h,-11.62,-0.399,-27.68,21,42.86,-28.87832475634141,-0.6384112315597915,-49.96244437821047,17.25832475634141,0.2394112315597915,True
vwap_reversion,BTC,4h,-37.35,-1.361,-50.01,174,63.22,-28.87832475634141,-0.6384112315597915,-49.96244437821047,-8.471675243658591,-0.7225887684402085,False
chart_pattern,BTC,4h,-28.2,-1.155,-41.79,17,29.41,-28.87832475634141,-0.6384112315597915,-49.96244437821047,0.6783247563414108,-0.5165887684402085,False
liquidity_sweeps,BTC,4h,-33.57,-1.196,-41.35,10,60.0,-28.87832475634141,-0.6384112315597915,-49.96244437821047,-4.69167524365859,-0.5575887684402084,False
parabolic_sar,BTC,4h,-40.41,-1.627,-46.21,96,34.38,-28.87832475634141,-0.6384112315597915,-49.96244437821047,-11.531675243658587,-0.9885887684402085,False
range_scalper,BTC,4h,0.0,0.0,0.0,0,0.0,-28.87832475634141,-0.6384112315597915,-49.96244437821047,28.87832475634141,0.6384112315597915,False
sweep_squeeze_combo,BTC,4h,-24.74,-0.878,-34.21,3,33.33,-28.87832475634141,-0.6384112315597915,-49.96244437821047,4.138324756341412,-0.2395887684402085,False
adx_trend,BTC,4h,-41.98,-1.508,-54.06,14,35.71,-28.87832475634141,-0.6384112315597915,-49.96244437821047,-13.101675243658587,-0.8695887684402085,False
donchian_breakout,BTC,4h,-22.3,-0.774,-35.92,24,45.83,-28.87832475634141,-0.6384112315597915,-49.96244437821047,6.578324756341409,-0.1355887684402085,False
tema_cross,BTC,4h,-17.45,-1.219,-28.56,29,34.48,-28.87832475634141,-0.6384112315597915,-49.96244437821047,11.42832475634141,-0.5805887684402086,False
sma_crossover,ETH,4h,-3.12,0.122,-46.33,24,33.33,-19.942043523085072,-0.042376768921321695,-62.4012345297476,16.82204352308507,0.1643767689213217,True
ema_crossover,ETH,4h,-25.31,-0.471,-54.61,39,20.51,-19.942043523085072,-0.042376768921321695,-62.4012345297476,-5.367956476914927,-0.4286232310786783,False
rsi,ETH,4h,-4.73,0.103,-46.58,9,66.67,-19.942043523085072,-0.042376768921321695,-62.4012345297476,15.212043523085072,0.14537676892132168,True
bollinger_bands,ETH,4h,-30.21,-0.523,-49.69,22,54.55,-19.942043523085072,-0.042376768921321695,-62.4012345297476,-10.267956476914929,-0.4806232310786783,False
macd,ETH,4h,-27.11,-0.456,-57.25,85,31.76,-19.942043523085072,-0.042376768921321695,-62.4012345297476,-7.167956476914927,-0.4136232310786783,False
mean_reversion,ETH,4h,-1.9,0.171,-34.53,31,61.29,-19.942043523085072,-0.042376768921321695,-62.4012345297476,18.042043523085074,0.2133767689213217,True
momentum,ETH,4h,-31.77,-0.686,-55.87,27,25.93,-19.942043523085072,-0.042376768921321695,-62.4012345297476,-11.827956476914927,-0.6436232310786784,False
volume_weighted,ETH,4h,13.6,0.514,-37.03,15,40.0,-19.942043523085072,-0.042376768921321695,-62.4012345297476,33.54204352308507,0.5563767689213217,True
triple_ema,ETH,4h,-22.82,-0.534,-42.21,37,29.73,-19.942043523085072,-0.042376768921321695,-62.4012345297476,-2.877956476914928,-0.49162323107867834,False
rsi_macd_combo,ETH,4h,-25.73,-0.379,-53.61,14,57.14,-19.942043523085072,-0.042376768921321695,-62.4012345297476,-5.787956476914928,-0.3366232310786783,False
stoch_rsi,ETH,4h,-6.54,0.084,-44.68,48,52.08,-19.942043523085072,-0.042376768921321695,-62.4012345297476,13.402043523085073,0.1263767689213217,True
supertrend,ETH,4h,0.0,0.0,0.0,0,0.0,-19.942043523085072,-0.042376768921321695,-62.4012345297476,19.942043523085072,0.042376768921321695,False
ichimoku_cloud,ETH,4h,66.46,1.435,-25.4,7,57.14,-19.942043523085072,-0.042376768921321695,-62.4012345297476,86.40204352308507,1.4773767689213217,True
pairs_spread,ETH,4h,-16.03,-0.196,-47.28,22,59.09,-19.942043523085072,-0.042376768921321695,-62.4012345297476,3.912043523085071,-0.1536232310786783,False
squeeze_momentum,ETH,4h,4.47,0.315,-44.36,5,60.0,-19.942043523085072,-0.042376768921321695,-62.4012345297476,24.41204352308507,0.3573767689213217,True
atr_breakout,ETH,4h,15.69,0.553,-35.18,23,34.78,-19.942043523085072,-0.042376768921321695,-62.4012345297476,35.63204352308507,0.5953767689213217,True
amd_ifvg,ETH,4h,0.0,0.0,0.0,0,0.0,-19.942043523085072,-0.042376768921321695,-62.4012345297476,19.942043523085072,0.042376768921321695,False
heikin_ashi_ema,ETH,4h,-48.4,-1.215,-67.47,56,28.57,-19.942043523085072,-0.042376768921321695,-62.4012345297476,-28.457956476914926,-1.1726232310786784,False
order_blocks,ETH,4h,-6.38,0.086,-47.21,22,40.91,-19.942043523085072,-0.042376768921321695,-62.4012345297476,13.562043523085073,0.1283767689213217,True
vwap_reversion,ETH,4h,-27.85,-0.441,-56.97,175,62.29,-19.942043523085072,-0.042376768921321695,-62.4012345297476,-7.907956476914929,-0.3986232310786783,False
chart_pattern,ETH,4h,-3.84,0.118,-43.01,10,40.0,-19.942043523085072,-0.042376768921321695,-62.4012345297476,16.102043523085072,0.1603767689213217,True
liquidity_sweeps,ETH,4h,-38.65,-0.846,-54.62,9,55.56,-19.942043523085072,-0.042376768921321695,-62.4012345297476,-18.707956476914926,-0.8036232310786783,False
parabolic_sar,ETH,4h,-38.94,-0.76,-66.45,89,43.82,-19.942043523085072,-0.042376768921321695,-62.4012345297476,-18.997956476914926,-0.7176232310786783,False
range_scalper,ETH,4h,0.0,0.0,0.0,0,0.0,-19.942043523085072,-0.042376768921321695,-62.4012345297476,19.942043523085072,0.042376768921321695,False
sweep_squeeze_combo,ETH,4h,-18.02,-0.079,-62.4,4,50.0,-19.942043523085072,-0.042376768921321695,-62.4012345297476,1.9220435230850725,-0.036623231078678306,False
adx_trend,ETH,4h,4.78,0.318,-35.6,16,37.5,-19.942043523085072,-0.042376768921321695,-62.4012345297476,24.722043523085073,0.3603767689213217,True
donchian_breakout,ETH,4h,-16.74,-0.199,-38.77,23,34.78,-19.942043523085072,-0.042376768921321695,-62.4012345297476,3.2020435230850737,-0.15662323107867832,False
tema_cross,ETH,4h,2.28,0.221,-33.76,25,40.0,-19.942043523085072,-0.042376768921321695,-62.4012345297476,22.222043523085073,0.26337676892132167,True
sma_crossover,SOL,4h,-11.17,-0.032,-40.57,24,45.83,-46.880269814502526,-0.5616775994226394,-69.18097382493667,35.710269814502524,0.5296775994226394,True
ema_crossover,SOL,4h,-51.94,-1.379,-61.15,44,22.73,-46.880269814502526,-0.5616775994226394,-69.18097382493667,-5.059730185497472,-0.8173224005773606,False
rsi,SOL,4h,-18.14,-0.115,-61.28,10,70.0,-46.880269814502526,-0.5616775994226394,-69.18097382493667,28.740269814502525,0.4466775994226394,True
bollinger_bands,SOL,4h,-16.39,-0.079,-58.76,24,54.17,-46.880269814502526,-0.5616775994226394,-69.18097382493667,30.490269814502525,0.4826775994226394,True
macd,SOL,4h,-42.56,-0.809,-62.56,83,32.53,-46.880269814502526,-0.5616775994226394,-69.18097382493667,4.320269814502524,-0.24732240057736066,False
mean_reversion,SOL,4h,-42.04,-0.884,-54.67,33,63.64,-46.880269814502526,-0.5616775994226394,-69.18097382493667,4.840269814502527,-0.3223224005773606,False
momentum,SOL,4h,-52.29,-1.268,-58.13,31,32.26,-46.880269814502526,-0.5616775994226394,-69.18097382493667,-5.409730185497473,-0.7063224005773606,False
volume_weighted,SOL,4h,-21.03,-0.385,-35.8,15,26.67,-46.880269814502526,-0.5616775994226394,-69.18097382493667,25.850269814502525,0.1766775994226394,True
triple_ema,SOL,4h,-43.04,-1.32,-48.84,40,20.0,-46.880269814502526,-0.5616775994226394,-69.18097382493667,3.840269814502527,-0.7583224005773607,False
rsi_macd_combo,SOL,4h,-30.1,-0.394,-56.86,12,58.33,-46.880269814502526,-0.5616775994226394,-69.18097382493667,16.780269814502525,0.16767759942263938,True
stoch_rsi,SOL,4h,-21.88,-0.218,-64.04,47,57.45,-46.880269814502526,-0.5616775994226394,-69.18097382493667,25.000269814502527,0.3436775994226394,True
supertrend,SOL,4h,0.0,0.0,0.0,0,0.0,-46.880269814502526,-0.5616775994226394,-69.18097382493667,46.880269814502526,0.5616775994226394,False
ichimoku_cloud,SOL,4h,6.34,0.367,-38.3,8,37.5,-46.880269814502526,-0.5616775994226394,-69.18097382493667,53.22026981450253,0.9286775994226394,True
pairs_spread,SOL,4h,-34.04,-0.678,-53.77,25,56.0,-46.880269814502526,-0.5616775994226394,-69.18097382493667,12.840269814502527,-0.11632240057736065,False
squeeze_momentum,SOL,4h,-22.92,-0.24,-46.7,6,33.33,-46.880269814502526,-0.5616775994226394,-69.18097382493667,23.960269814502524,0.3216775994226394,True
atr_breakout,SOL,4h,-59.3,-1.684,-69.79,29,31.03,-46.880269814502526,-0.5616775994226394,-69.18097382493667,-12.419730185497471,-1.1223224005773607,False
amd_ifvg,SOL,4h,0.0,0.0,0.0,0,0.0,-46.880269814502526,-0.5616775994226394,-69.18097382493667,46.880269814502526,0.5616775994226394,False
heikin_ashi_ema,SOL,4h,-42.69,-1.016,-55.64,61,34.43,-46.880269814502526,-0.5616775994226394,-69.18097382493667,4.190269814502528,-0.4543224005773606,False
order_blocks,SOL,4h,-28.23,-0.419,-51.77,23,34.78,-46.880269814502526,-0.5616775994226394,-69.18097382493667,18.650269814502526,0.1426775994226394,True
vwap_reversion,SOL,4h,-41.23,-0.674,-62.49,182,62.09,-46.880269814502526,-0.5616775994226394,-69.18097382493667,5.650269814502529,-0.11232240057736065,False
chart_pattern,SOL,4h,-15.0,-0.141,-34.51,9,22.22,-46.880269814502526,-0.5616775994226394,-69.18097382493667,31.880269814502526,0.4206775994226394,True
liquidity_sweeps,SOL,4h,-34.54,-0.657,-57.26,8,50.0,-46.880269814502526,-0.5616775994226394,-69.18097382493667,12.340269814502527,-0.09532240057736063,False
parabolic_sar,SOL,4h,-41.62,-0.788,-57.65,90,41.11,-46.880269814502526,-0.5616775994226394,-69.18097382493667,5.260269814502529,-0.22632240057736064,False
range_scalper,SOL,4h,0.0,0.0,0.0,0,0.0,-46.880269814502526,-0.5616775994226394,-69.18097382493667,46.880269814502526,0.5616775994226394,False
sweep_squeeze_combo,SOL,4h,-45.64,-0.669,-69.18,2,0.0,-46.880269814502526,-0.5616775994226394,-69.18097382493667,1.2402698145025255,-0.10732240057736064,False
adx_trend,SOL,4h,-67.34,-2.116,-68.72,14,21.43,-46.880269814502526,-0.5616775994226394,-69.18097382493667,-20.459730185497477,-1.5543224005773606,False
donchian_breakout,SOL,4h,-32.36,-0.547,-55.5,23,34.78,-46.880269814502526,-0.5616775994226394,-69.18097382493667,14.520269814502527,0.014677599422639354,True
tema_cross,SOL,4h,-7.58,-0.127,-24.49,29,34.48,-46.880269814502526,-0.5616775994226394,-69.18097382493667,39.30026981450253,0.4346775994226394,True
sma_crossover,XRP,4h,0.17,0.208,-40.18,24,41.67,-36.70344302834315,-0.3705056667384541,-66.55545138697403,36.873443028343154,0.578505666738454,True
ema_crossover,XRP,4h,-42.76,-1.099,-60.68,42,14.29,-36.70344302834315,-0.3705056667384541,-66.55545138697403,-6.056556971656846,-0.7284943332615459,False
rsi,XRP,4h,0.35,0.271,-44.42,13,69.23,-36.70344302834315,-0.3705056667384541,-66.55545138697403,37.05344302834315,0.6415056667384541,True
bollinger_bands,XRP,4h,-11.99,0.014,-46.99,21,52.38,-36.70344302834315,-0.3705056667384541,-66.55545138697403,24.71344302834315,0.3845056667384541,True
macd,XRP,4h,-49.34,-1.167,-63.74,94,31.91,-36.70344302834315,-0.3705056667384541,-66.55545138697403,-12.636556971656852,-0.796494333261546,False
mean_reversion,XRP,4h,-49.68,-1.266,-61.64,27,48.15,-36.70344302834315,-0.3705056667384541,-66.55545138697403,-12.976556971656848,-0.8954943332615459,False
momentum,XRP,4h,-37.87,-0.866,-55.68,27,18.52,-36.70344302834315,-0.3705056667384541,-66.55545138697403,-1.1665569716568456,-0.4954943332615459,False
volume_weighted,XRP,4h,-42.15,-0.884,-48.78,11,45.45,-36.70344302834315,-0.3705056667384541,-66.55545138697403,-5.446556971656847,-0.5134943332615459,False
triple_ema,XRP,4h,-34.43,-0.948,-53.26,32,28.12,-36.70344302834315,-0.3705056667384541,-66.55545138697403,2.273443028343152,-0.5774943332615459,False
rsi_macd_combo,XRP,4h,-21.5,-0.201,-43.5,15,53.33,-36.70344302834315,-0.3705056667384541,-66.55545138697403,15.203443028343152,0.16950566673845407,True
stoch_rsi,XRP,4h,0.27,0.253,-47.29,53,50.94,-36.70344302834315,-0.3705056667384541,-66.55545138697403,36.973443028343155,0.6235056667384541,True
supertrend,XRP,4h,0.0,0.0,0.0,0,0.0,-36.70344302834315,-0.3705056667384541,-66.55545138697403,36.70344302834315,0.3705056667384541,False
ichimoku_cloud,XRP,4h,-26.97,-0.531,-54.55,14,21.43,-36.70344302834315,-0.3705056667384541,-66.55545138697403,9.733443028343153,-0.16049433326154594,False
pairs_spread,XRP,4h,-40.28,-0.972,-55.27,23,47.83,-36.70344302834315,-0.3705056667384541,-66.55545138697403,-3.5765569716568493,-0.6014943332615459,False
squeeze_momentum,XRP,4h,-36.02,-0.875,-39.16,10,10.0,-36.70344302834315,-0.3705056667384541,-66.55545138697403,0.6834430283431487,-0.5044943332615459,False
atr_breakout,XRP,4h,-53.27,-1.46,-63.77,28,10.71,-36.70344302834315,-0.3705056667384541,-66.55545138697403,-16.56655697165685,-1.0894943332615459,False
amd_ifvg,XRP,4h,0.0,0.0,0.0,0,0.0,-36.70344302834315,-0.3705056667384541,-66.55545138697403,36.70344302834315,0.3705056667384541,False
heikin_ashi_ema,XRP,4h,-28.34,-0.567,-54.77,59,32.2,-36.70344302834315,-0.3705056667384541,-66.55545138697403,8.363443028343152,-0.19649433326154586,False
order_blocks,XRP,4h,-25.56,-0.459,-50.07,17,17.65,-36.70344302834315,-0.3705056667384541,-66.55545138697403,11.143443028343153,-0.08849433326154593,False
vwap_reversion,XRP,4h,-54.18,-1.292,-63.74,157,54.78,-36.70344302834315,-0.3705056667384541,-66.55545138697403,-17.476556971656848,-0.921494333261546,False
chart_pattern,XRP,4h,-36.44,-0.752,-57.51,13,30.77,-36.70344302834315,-0.3705056667384541,-66.55545138697403,0.26344302834315414,-0.3814943332615459,False
liquidity_sweeps,XRP,4h,-36.59,-0.681,-55.76,9,55.56,-36.70344302834315,-0.3705056667384541,-66.55545138697403,0.11344302834314846,-0.31049433326154596,False
parabolic_sar,XRP,4h,-16.62,-0.15,-42.54,87,36.78,-36.70344302834315,-0.3705056667384541,-66.55545138697403,20.08344302834315,0.2205056667384541,True
range_scalper,XRP,4h,0.0,0.0,0.0,0,0.0,-36.70344302834315,-0.3705056667384541,-66.55545138697403,36.70344302834315,0.3705056667384541,False
sweep_squeeze_combo,XRP,4h,-54.11,-1.205,-61.67,1,0.0,-36.70344302834315,-0.3705056667384541,-66.55545138697403,-17.406556971656848,-0.834494333261546,False
adx_trend,XRP,4h,-12.26,-0.075,-50.11,12,16.67,-36.70344302834315,-0.3705056667384541,-66.55545138697403,24.443443028343154,0.2955056667384541,True
donchian_breakout,XRP,4h,-40.14,-0.998,-53.78,26,26.92,-36.70344302834315,-0.3705056667384541,-66.55545138697403,-3.4365569716568487,-0.6274943332615459,False
tema_cross,XRP,4h,-5.73,-0.104,-41.66,28,21.43,-36.70344302834315,-0.3705056667384541,-66.55545138697403,30.97344302834315,0.2665056667384541,True
sma_crossover,DOGE,4h,-18.53,-0.179,-52.39,26,38.46,-47.203000369763885,-0.4377586807234994,-70.16069137802985,28.673000369763884,0.2587586807234994,True
ema_crossover,DOGE,4h,-42.56,-0.855,-61.27,38,23.68,-47.203000369763885,-0.4377586807234994,-70.16069137802985,4.643000369763882,-0.4172413192765006,False
rsi,DOGE,4h,-32.51,-0.487,-53.64,7,57.14,-47.203000369763885,-0.4377586807234994,-70.16069137802985,14.693000369763887,-0.049241319276500606,False
bollinger_bands,DOGE,4h,-4.66,0.159,-35.7,21,57.14,-47.203000369763885,-0.4377586807234994,-70.16069137802985,42.54300036976389,0.5967586807234994,True
macd,DOGE,4h,-53.09,-0.992,-68.2,95,25.26,-47.203000369763885,-0.4377586807234994,-70.16069137802985,-5.886999630236119,-0.5542413192765006,False
mean_reversion,DOGE,4h,-25.37,-0.263,-41.61,29,51.72,-47.203000369763885,-0.4377586807234994,-70.16069137802985,21.833000369763884,0.17475868072349937,True
momentum,DOGE,4h,-53.33,-1.244,-69.36,34,23.53,-47.203000369763885,-0.4377586807234994,-70.16069137802985,-6.126999630236114,-0.8062413192765006,False
volume_weighted,DOGE,4h,-22.28,-0.169,-62.35,20,35.0,-47.203000369763885,-0.4377586807234994,-70.16069137802985,24.923000369763884,0.2687586807234994,True
triple_ema,DOGE,4h,-29.33,-0.584,-51.25,28,25.0,-47.203000369763885,-0.4377586807234994,-70.16069137802985,17.873000369763886,-0.14624131927650058,False
rsi_macd_combo,DOGE,4h,-44.02,-0.676,-56.25,12,50.0,-47.203000369763885,-0.4377586807234994,-70.16069137802985,3.1830003697638816,-0.23824131927650066,False
stoch_rsi,DOGE,4h,-3.93,0.213,-47.47,49,51.02,-47.203000369763885,-0.4377586807234994,-70.16069137802985,43.273000369763885,0.6507586807234994,True
supertrend,DOGE,4h,0.0,0.0,0.0,0,0.0,-47.203000369763885,-0.4377586807234994,-70.16069137802985,47.203000369763885,0.4377586807234994,False
ichimoku_cloud,DOGE,4h,24.5,0.699,-38.02,10,50.0,-47.203000369763885,-0.4377586807234994,-70.16069137802985,71.70300036976388,1.1367586807234993,True
pairs_spread,DOGE,4h,-17.09,-0.116,-34.6,21,38.1,-47.203000369763885,-0.4377586807234994,-70.16069137802985,30.113000369763885,0.3217586807234994,True
squeeze_momentum,DOGE,4h,-36.89,-0.408,-66.46,7,14.29,-47.203000369763885,-0.4377586807234994,-70.16069137802985,10.313000369763884,0.02975868072349941,True
atr_breakout,DOGE,4h,-49.71,-0.976,-67.69,27,25.93,-47.203000369763885,-0.4377586807234994,-70.16069137802985,-2.506999630236116,-0.5382413192765005,False
amd_ifvg,DOGE,4h,0.0,0.0,0.0,0,0.0,-47.203000369763885,-0.4377586807234994,-70.16069137802985,47.203000369763885,0.4377586807234994,False
heikin_ashi_ema,DOGE,4h,-44.1,-0.821,-61.36,62,25.81,-47.203000369763885,-0.4377586807234994,-70.16069137802985,3.1030003697638833,-0.38324131927650057,False
order_blocks,DOGE,4h,-20.84,-0.153,-49.55,21,33.33,-47.203000369763885,-0.4377586807234994,-70.16069137802985,26.363000369763885,0.2847586807234994,True
vwap_reversion,DOGE,4h,-57.94,-1.08,-72.12,163,53.37,-47.203000369763885,-0.4377586807234994,-70.16069137802985,-10.736999630236113,-0.6422413192765006,False
chart_pattern,DOGE,4h,3.9,0.351,-42.41,8,50.0,-47.203000369763885,-0.4377586807234994,-70.16069137802985,51.10300036976388,0.7887586807234994,True
liquidity_sweeps,DOGE,4h,-40.23,-0.625,-56.34,6,66.67,-47.203000369763885,-0.4377586807234994,-70.16069137802985,6.973000369763888,-0.18724131927650062,False
parabolic_sar,DOGE,4h,-8.0,0.148,-52.89,86,32.56,-47.203000369763885,-0.4377586807234994,-70.16069137802985,39.203000369763885,0.5857586807234993,True
range_scalper,DOGE,4h,0.0,0.0,0.0,0,0.0,-47.203000369763885,-0.4377586807234994,-70.16069137802985,47.203000369763885,0.4377586807234994,False
sweep_squeeze_combo,DOGE,4h,-62.11,-1.242,-68.79,2,50.0,-47.203000369763885,-0.4377586807234994,-70.16069137802985,-14.906999630236115,-0.8042413192765006,False
adx_trend,DOGE,4h,-59.57,-1.907,-60.72,15,13.33,-47.203000369763885,-0.4377586807234994,-70.16069137802985,-12.366999630236116,-1.4692413192765006,False
donchian_breakout,DOGE,4h,-51.9,-1.169,-66.19,25,28.0,-47.203000369763885,-0.4377586807234994,-70.16069137802985,-4.696999630236114,-0.7312413192765006,False
tema_cross,DOGE,4h,20.34,0.738,-32.0,17,29.41,-47.203000369763885,-0.4377586807234994,-70.16069137802985,67.54300036976389,1.1757586807234994,True
sma_crossover,ADA,4h,-50.34,-1.213,-70.31,30,20.0,-64.69424731994565,-0.9890078402761391,-76.87173301166064,14.354247319945642,-0.223992159723861,False
ema_crossover,ADA,4h,-55.51,-1.445,-69.67,40,20.0,-64.69424731994565,-0.9890078402761391,-76.87173301166064,9.184247319945648,-0.455992159723861,False
rsi,ADA,4h,-30.43,-0.385,-57.38,8,62.5,-64.69424731994565,-0.9890078402761391,-76.87173301166064,34.264247319945646,0.6040078402761391,True
bollinger_bands,ADA,4h,-11.95,0.032,-35.5,21,57.14,-64.69424731994565,-0.9890078402761391,-76.87173301166064,52.74424731994564,1.0210078402761391,True
macd,ADA,4h,-66.27,-1.614,-74.54,92,29.35,-64.69424731994565,-0.9890078402761391,-76.87173301166064,-1.5757526800543502,-0.624992159723861,False
mean_reversion,ADA,4h,-55.23,-1.106,-65.36,31,48.39,-64.69424731994565,-0.9890078402761391,-76.87173301166064,9.464247319945649,-0.11699215972386101,False
momentum,ADA,4h,-58.08,-1.499,-72.15,33,27.27,-64.69424731994565,-0.9890078402761391,-76.87173301166064,6.6142473199456475,-0.509992159723861,False
volume_weighted,ADA,4h,-28.55,-0.332,-54.58,14,28.57,-64.69424731994565,-0.9890078402761391,-76.87173301166064,36.14424731994565,0.657007840276139,True
triple_ema,ADA,4h,-47.91,-1.432,-66.06,34,20.59,-64.69424731994565,-0.9890078402761391,-76.87173301166064,16.78424731994565,-0.44299215972386086,False
rsi_macd_combo,ADA,4h,-44.2,-0.666,-59.67,11,45.45,-64.69424731994565,-0.9890078402761391,-76.87173301166064,20.494247319945643,0.32300784027613905,True
stoch_rsi,ADA,4h,-41.45,-0.61,-59.55,44,50.0,-64.69424731994565,-0.9890078402761391,-76.87173301166064,23.244247319945643,0.3790078402761391,True
supertrend,ADA,4h,0.0,0.0,0.0,0,0.0,-64.69424731994565,-0.9890078402761391,-76.87173301166064,64.69424731994565,0.9890078402761391,False
ichimoku_cloud,ADA,4h,-56.08,-1.183,-73.93,11,27.27,-64.69424731994565,-0.9890078402761391,-76.87173301166064,8.614247319945648,-0.19399215972386097,False
pairs_spread,ADA,4h,-45.93,-0.875,-58.37,24,41.67,-64.69424731994565,-0.9890078402761391,-76.87173301166064,18.764247319945646,0.11400784027613908,True
squeeze_momentum,ADA,4h,-63.09,-1.248,-71.54,5,20.0,-64.69424731994565,-0.9890078402761391,-76.87173301166064,1.6042473199456424,-0.2589921597238609,False
atr_breakout,ADA,4h,-57.07,-1.458,-72.32,29,24.14,-64.69424731994565,-0.9890078402761391,-76.87173301166064,7.6242473199456455,-0.4689921597238609,False
amd_ifvg,ADA,4h,0.0,0.0,0.0,0,0.0,-64.69424731994565,-0.9890078402761391,-76.87173301166064,64.69424731994565,0.9890078402761391,False
heikin_ashi_ema,ADA,4h,-57.4,-1.402,-74.45,64,20.31,-64.69424731994565,-0.9890078402761391,-76.87173301166064,7.294247319945647,-0.41299215972386083,False
order_blocks,ADA,4h,-65.41,-2.026,-69.63,23,17.39,-64.69424731994565,-0.9890078402761391,-76.87173301166064,-0.7157526800543508,-1.0369921597238607,False
vwap_reversion,ADA,4h,-68.85,-1.594,-74.9,173,53.76,-64.69424731994565,-0.9890078402761391,-76.87173301166064,-4.1557526800543485,-0.604992159723861,False
chart_pattern,ADA,4h,-31.32,-0.472,-54.56,10,10.0,-64.69424731994565,-0.9890078402761391,-76.87173301166064,33.374247319945646,0.5170078402761391,True
liquidity_sweeps,ADA,4h,-51.68,-0.841,-65.91,10,30.0,-64.69424731994565,-0.9890078402761391,-76.87173301166064,13.014247319945646,0.1480078402761391,True
parabolic_sar,ADA,4h,-54.09,-1.205,-70.38,92,39.13,-64.69424731994565,-0.9890078402761391,-76.87173301166064,10.604247319945642,-0.215992159723861,False
range_scalper,ADA,4h,0.0,0.0,0.0,0,0.0,-64.69424731994565,-0.9890078402761391,-76.87173301166064,64.69424731994565,0.9890078402761391,False
sweep_squeeze_combo,ADA,4h,-35.58,-0.512,-50.72,2,0.0,-64.69424731994565,-0.9890078402761391,-76.87173301166064,29.114247319945648,0.4770078402761391,False
adx_trend,ADA,4h,-3.52,0.133,-30.56,14,21.43,-64.69424731994565,-0.9890078402761391,-76.87173301166064,61.17424731994564,1.122007840276139,True
donchian_breakout,ADA,4h,-48.32,-1.077,-63.69,25,32.0,-64.69424731994565,-0.9890078402761391,-76.87173301166064,16.374247319945646,-0.08799215972386087,False
tema_cross,ADA,4h,6.44,0.359,-35.77,18,27.78,-64.69424731994565,-0.9890078402761391,-76.87173301166064,71.13424731994564,1.348007840276139,True
sma_crossover,AVAX,4h,-33.38,-0.473,-59.73,26,30.77,-55.445891783567134,-0.6049042881848399,-76.47727272727273,22.06589178356713,0.1319042881848399,True
ema_crossover,AVAX,4h,-62.21,-1.68,-69.92,44,18.18,-55.445891783567134,-0.6049042881848399,-76.47727272727273,-6.7641082164328665,-1.07509571181516,False
rsi,AVAX,4h,-33.33,-0.365,-61.42,8,75.0,-55.445891783567134,-0.6049042881848399,-76.47727272727273,22.115891783567136,0.2399042881848399,True
bollinger_bands,AVAX,4h,-35.3,-0.432,-61.92,22,59.09,-55.445891783567134,-0.6049042881848399,-76.47727272727273,20.145891783567137,0.17290428818483988,True
macd,AVAX,4h,-62.52,-1.362,-72.87,95,31.58,-55.445891783567134,-0.6049042881848399,-76.47727272727273,-7.074108216432869,-0.7570957118151602,False
mean_reversion,AVAX,4h,-41.16,-0.56,-60.31,35,60.0,-55.445891783567134,-0.6049042881848399,-76.47727272727273,14.285891783567138,0.044904288184839825,True
momentum,AVAX,4h,-61.81,-1.435,-66.31,37,27.03,-55.445891783567134,-0.6049042881848399,-76.47727272727273,-6.364108216432868,-0.8300957118151602,False
volume_weighted,AVAX,4h,-39.11,-0.768,-59.28,25,12.0,-55.445891783567134,-0.6049042881848399,-76.47727272727273,16.335891783567135,-0.16309571181516014,False
triple_ema,AVAX,4h,-59.61,-1.766,-68.47,39,17.95,-55.445891783567134,-0.6049042881848399,-76.47727272727273,-4.164108216432865,-1.1610957118151601,False
rsi_macd_combo,AVAX,4h,-49.15,-0.741,-62.02,13,38.46,-55.445891783567134,-0.6049042881848399,-76.47727272727273,6.295891783567136,-0.13609571181516011,False
stoch_rsi,AVAX,4h,-0.24,0.309,-52.67,45,57.78,-55.445891783567134,-0.6049042881848399,-76.47727272727273,55.20589178356713,0.9139042881848398,True
supertrend,AVAX,4h,0.0,0.0,0.0,0,0.0,-55.445891783567134,-0.6049042881848399,-76.47727272727273,55.445891783567134,0.6049042881848399,False
ichimoku_cloud,AVAX,4h,-30.06,-0.343,-51.43,11,36.36,-55.445891783567134,-0.6049042881848399,-76.47727272727273,25.385891783567136,0.26190428818483985,True
pairs_spread,AVAX,4h,-35.94,-0.557,-52.85,23,52.17,-55.445891783567134,-0.6049042881848399,-76.47727272727273,19.505891783567137,0.04790428818483983,True
squeeze_momentum,AVAX,4h,-0.58,0.182,-34.08,5,20.0,-55.445891783567134,-0.6049042881848399,-76.47727272727273,54.865891783567136,0.7869042881848398,True
atr_breakout,AVAX,4h,-29.91,-0.473,-51.77,37,32.43,-55.445891783567134,-0.6049042881848399,-76.47727272727273,25.535891783567134,0.1319042881848399,True
amd_ifvg,AVAX,4h,0.0,0.0,0.0,0,0.0,-55.445891783567134,-0.6049042881848399,-76.47727272727273,55.445891783567134,0.6049042881848399,False
heikin_ashi_ema,AVAX,4h,-47.94,-0.994,-60.36,63,30.16,-55.445891783567134,-0.6049042881848399,-76.47727272727273,7.505891783567137,-0.3890957118151601,False
order_blocks,AVAX,4h,-37.01,-0.576,-62.5,26,26.92,-55.445891783567134,-0.6049042881848399,-76.47727272727273,18.435891783567136,0.02890428818483992,True
vwap_reversion,AVAX,4h,-21.4,-0.003,-68.25,176,60.8,-55.445891783567134,-0.6049042881848399,-76.47727272727273,34.045891783567136,0.6019042881848399,True
chart_pattern,AVAX,4h,-56.08,-1.166,-66.05,10,20.0,-55.445891783567134,-0.6049042881848399,-76.47727272727273,-0.634108216432864,-0.56109571181516,False
liquidity_sweeps,AVAX,4h,-55.83,-0.997,-70.81,9,44.44,-55.445891783567134,-0.6049042881848399,-76.47727272727273,-0.38410821643286397,-0.3920957118151601,False
parabolic_sar,AVAX,4h,-14.3,0.015,-43.71,84,39.29,-55.445891783567134,-0.6049042881848399,-76.47727272727273,41.14589178356714,0.6199042881848399,True
range_scalper,AVAX,4h,0.0,0.0,0.0,0,0.0,-55.445891783567134,-0.6049042881848399,-76.47727272727273,55.445891783567134,0.6049042881848399,False
sweep_squeeze_combo,AVAX,4h,3.61,0.312,-43.83,3,33.33,-55.445891783567134,-0.6049042881848399,-76.47727272727273,59.055891783567134,0.9169042881848399,False
adx_trend,AVAX,4h,-37.67,-0.567,-56.54,11,63.64,-55.445891783567134,-0.6049042881848399,-76.47727272727273,17.775891783567133,0.03790428818483993,True
donchian_breakout,AVAX,4h,-56.74,-1.393,-69.49,26,23.08,-55.445891783567134,-0.6049042881848399,-76.47727272727273,-1.2941082164328677,-0.7880957118151601,False
tema_cross,AVAX,4h,-0.54,0.15,-26.6,24,37.5,-55.445891783567134,-0.6049042881848399,-76.47727272727273,54.905891783567135,0.7549042881848399,True
sma_crossover,LINK,4h,-10.33,0.049,-55.63,25,40.0,-32.42424242424241,-0.13642856472417295,-70.97247706422019,22.09424242424241,0.18542856472417296,True
ema_crossover,LINK,4h,-46.24,-0.885,-67.78,45,20.0,-32.42424242424241,-0.13642856472417295,-70.97247706422019,-13.815757575757594,-0.748571435275827,False
rsi,LINK,4h,-11.67,0.031,-61.21,7,71.43,-32.42424242424241,-0.13642856472417295,-70.97247706422019,20.754242424242406,0.16742856472417295,True
bollinger_bands,LINK,4h,-9.01,0.064,-41.68,20,65.0,-32.42424242424241,-0.13642856472417295,-70.97247706422019,23.41424242424241,0.20042856472417295,True
macd,LINK,4h,-38.41,-0.579,-65.95,87,34.48,-32.42424242424241,-0.13642856472417295,-70.97247706422019,-5.985757575757589,-0.442571435275827,False
mean_reversion,LINK,4h,-17.94,-0.09,-50.99,32,68.75,-32.42424242424241,-0.13642856472417295,-70.97247706422019,14.484242424242407,0.04642856472417295,True
momentum,LINK,4h,-32.23,-0.413,-62.12,31,41.94,-32.42424242424241,-0.13642856472417295,-70.97247706422019,0.194242424242411,-0.27657143527582706,False
volume_weighted,LINK,4h,-13.31,-0.069,-42.17,14,28.57,-32.42424242424241,-0.13642856472417295,-70.97247706422019,19.114242424242406,0.06742856472417294,True
triple_ema,LINK,4h,-48.56,-1.213,-68.97,43,20.93,-32.42424242424241,-0.13642856472417295,-70.97247706422019,-16.135757575757594,-1.076571435275827,False
rsi_macd_combo,LINK,4h,-36.48,-0.519,-58.28,12,41.67,-32.42424242424241,-0.13642856472417295,-70.97247706422019,-4.055757575757589,-0.38257143527582704,False
stoch_rsi,LINK,4h,29.4,0.728,-57.32,48,66.67,-32.42424242424241,-0.13642856472417295,-70.97247706422019,61.82424242424241,0.864428564724173,True
supertrend,LINK,4h,0.0,0.0,0.0,0,0.0,-32.42424242424241,-0.13642856472417295,-70.97247706422019,32.42424242424241,0.13642856472417295,False
ichimoku_cloud,LINK,4h,-65.32,-1.973,-69.33,12,8.33,-32.42424242424241,-0.13642856472417295,-70.97247706422019,-32.895757575757585,-1.8365714352758271,False
pairs_spread,LINK,4h,-4.8,0.145,-51.64,21,57.14,-32.42424242424241,-0.13642856472417295,-70.97247706422019,27.624242424242407,0.28142856472417294,True
squeeze_momentum,LINK,4h,-9.7,0.136,-57.97,7,42.86,-32.42424242424241,-0.13642856472417295,-70.97247706422019,22.72424242424241,0.272428564724173,True
atr_breakout,LINK,4h,-10.42,0.106,-55.15,30,26.67,-32.42424242424241,-0.13642856472417295,-70.97247706422019,22.004242424242406,0.24242856472417296,True
amd_ifvg,LINK,4h,0.0,0.0,0.0,0,0.0,-32.42424242424241,-0.13642856472417295,-70.97247706422019,32.42424242424241,0.13642856472417295,False
heikin_ashi_ema,LINK,4h,-75.47,-2.201,-83.37,75,20.0,-32.42424242424241,-0.13642856472417295,-70.97247706422019,-43.04575757575759,-2.0645714352758273,False
order_blocks,LINK,4h,11.08,0.462,-42.16,19,36.84,-32.42424242424241,-0.13642856472417295,-70.97247706422019,43.504242424242406,0.5984285647241729,True
vwap_reversion,LINK,4h,-55.6,-1.03,-68.42,177,55.37,-32.42424242424241,-0.13642856472417295,-70.97247706422019,-23.175757575757594,-0.893571435275827,False
chart_pattern,LINK,4h,-13.6,0.022,-58.9,10,20.0,-32.42424242424241,-0.13642856472417295,-70.97247706422019,18.824242424242406,0.15842856472417294,True
liquidity_sweeps,LINK,4h,-8.06,0.098,-48.81,11,63.64,-32.42424242424241,-0.13642856472417295,-70.97247706422019,24.364242424242406,0.23442856472417295,True
parabolic_sar,LINK,4h,-26.19,-0.232,-63.83,86,37.21,-32.42424242424241,-0.13642856472417295,-70.97247706422019,6.234242424242407,-0.09557143527582707,False
range_scalper,LINK,4h,0.0,0.0,0.0,0,0.0,-32.42424242424241,-0.13642856472417295,-70.97247706422019,32.42424242424241,0.13642856472417295,False
sweep_squeeze_combo,LINK,4h,0.88,0.157,-17.97,1,100.0,-32.42424242424241,-0.13642856472417295,-70.97247706422019,33.30424242424241,0.29342856472417295,False
adx_trend,LINK,4h,-34.99,-0.623,-58.06,11,27.27,-32.42424242424241,-0.13642856472417295,-70.97247706422019,-2.565757575757594,-0.486571435275827,False
donchian_breakout,LINK,4h,-43.01,-0.744,-63.06,27,14.81,-32.42424242424241,-0.13642856472417295,-70.97247706422019,-10.58575757575759,-0.607571435275827,False
tema_cross,LINK,4h,-48.84,-1.607,-62.22,39,15.38,-32.42424242424241,-0.13642856472417295,-70.97247706422019,-16.415757575757596,-1.470571435275827,False
