strategy,asset,tf,bench_ret,bench_sharpe,ret_none,shp_none,trd_none,ret_trend,shp_trend,trd_trend,ret_down,shp_down,trd_down
sma_crossover,BTC,1d,-29.59809774166566,-0.6187077919913184,-4.32,0.08,10,1.05,0.196,6,28.99,1.136,3
ema_crossover,BTC,1d,-29.59809774166566,-0.6187077919913184,-20.35,-0.351,18,17.41,0.72,6,33.2,1.32,4
rsi,BTC,1d,-29.59809774166566,-0.6187077919913184,-3.91,0.103,2,-3.91,0.103,2,-20.64,-0.48,1
bollinger_bands,BTC,1d,-29.59809774166566,-0.6187077919913184,34.2,0.907,11,10.88,0.457,8,-18.3,-0.512,3
macd,BTC,1d,-29.59809774166566,-0.6187077919913184,7.59,0.385,28,9.14,0.433,14,3.29,0.255,7
mean_reversion,BTC,1d,-29.59809774166566,-0.6187077919913184,-51.52,-1.452,8,-47.91,-1.509,5,-47.91,-1.509,5
momentum,BTC,1d,-29.59809774166566,-0.6187077919913184,-37.95,-1.029,16,-16.37,-0.367,10,7.73,0.411,7
volume_weighted,BTC,1d,-29.59809774166566,-0.6187077919913184,57.86,1.529,4,6.83,0.45,1,6.83,0.45,1
triple_ema,BTC,1d,-29.59809774166566,-0.6187077919913184,5.34,0.322,14,29.7,1.274,4,29.7,1.274,4
rsi_macd_combo,BTC,1d,-29.59809774166566,-0.6187077919913184,-31.78,-0.683,3,3.45,0.466,1,0.0,0.0,0
stoch_rsi,BTC,1d,-29.59809774166566,-0.6187077919913184,13.82,0.519,16,-14.73,-0.274,10,-17.93,-0.448,5
supertrend,BTC,1d,-29.59809774166566,-0.6187077919913184,0.0,0.0,0,0.0,0.0,0,0.0,0.0,0
ichimoku_cloud,BTC,1d,-29.59809774166566,-0.6187077919913184,-29.7,-0.704,5,-22.0,-0.485,3,12.93,0.884,1
pairs_spread,BTC,1d,-29.59809774166566,-0.6187077919913184,11.64,0.472,8,1.1,0.199,5,1.1,0.199,5
squeeze_momentum,BTC,1d,-29.59809774166566,-0.6187077919913184,-4.24,0.086,2,19.1,0.895,1,19.1,0.895,1
atr_breakout,BTC,1d,-29.59809774166566,-0.6187077919913184,29.2,0.898,7,33.12,1.024,5,44.5,1.34,3
amd_ifvg,BTC,1d,-29.59809774166566,-0.6187077919913184,0.0,0.0,0,0.0,0.0,0,0.0,0.0,0
heikin_ashi_ema,BTC,1d,-29.59809774166566,-0.6187077919913184,-3.66,0.098,20,12.89,0.557,10,10.53,0.529,6
order_blocks,BTC,1d,-29.59809774166566,-0.6187077919913184,21.26,0.841,6,43.19,1.775,2,34.12,1.53,1
vwap_reversion,BTC,1d,-29.59809774166566,-0.6187077919913184,-45.93,-0.544,180,-31.01,-0.334,109,-18.43,-0.186,64
chart_pattern,BTC,1d,-29.59809774166566,-0.6187077919913184,3.21,0.259,2,21.9,0.936,1,21.9,0.936,1
liquidity_sweeps,BTC,1d,-29.59809774166566,-0.6187077919913184,17.08,0.66,3,17.08,0.66,3,-13.66,-0.719,1
parabolic_sar,BTC,1d,-29.59809774166566,-0.6187077919913184,-25.29,-0.39,29,-25.59,-0.6,15,-41.97,-1.765,9
range_scalper,BTC,1d,-29.59809774166566,-0.6187077919913184,0.0,0.0,0,0.0,0.0,0,0.0,0.0,0
sweep_squeeze_combo,BTC,1d,-29.59809774166566,-0.6187077919913184,-33.58,-0.829,2,0.0,0.0,0,0.0,0.0,0
adx_trend,BTC,1d,-29.59809774166566,-0.6187077919913184,41.48,1.413,5,41.48,1.413,5,37.51,1.643,3
donchian_breakout,BTC,1d,-29.59809774166566,-0.6187077919913184,-3.7,0.094,10,15.65,0.602,6,24.9,0.997,4
tema_cross,BTC,1d,-29.59809774166566,-0.6187077919913184,-6.3,-0.024,10,30.46,1.198,2,33.28,1.394,1
sma_crossover,ETH,1d,-20.487691097344495,-0.013524234027752253,-0.16,0.291,6,-0.16,0.291,6,30.89,0.857,3
ema_crossover,ETH,1d,-20.487691097344495,-0.013524234027752253,6.62,0.408,14,-3.68,0.097,5,41.9,1.259,2
rsi,ETH,1d,-20.487691097344495,-0.013524234027752253,-30.41,-0.15,3,-54.49,-0.82,2,-50.01,-1.011,1
bollinger_bands,ETH,1d,-20.487691097344495,-0.013524234027752253,-55.7,-0.278,7,-42.36,-0.692,5,-46.03,-1.088,3
macd,ETH,1d,-20.487691097344495,-0.013524234027752253,-30.24,-0.197,26,-43.15,-0.693,17,16.37,0.569,9
mean_reversion,ETH,1d,-20.487691097344495,-0.013524234027752253,-84.51,0.418,8,-55.74,-1.158,7,-52.66,-1.112,5
momentum,ETH,1d,-20.487691097344495,-0.013524234027752253,-53.19,-0.685,25,-49.94,-0.745,20,-34.46,-0.64,13
volume_weighted,ETH,1d,-20.487691097344495,-0.013524234027752253,142.99,1.955,6,62.15,1.467,5,45.43,1.188,4
triple_ema,ETH,1d,-20.487691097344495,-0.013524234027752253,-0.76,0.284,14,14.68,0.551,5,36.43,1.082,2
rsi_macd_combo,ETH,1d,-20.487691097344495,-0.013524234027752253,7.84,0.448,3,7.84,0.448,3,-21.9,-0.327,1
stoch_rsi,ETH,1d,-20.487691097344495,-0.013524234027752253,-10.86,0.22,16,27.19,0.709,12,-21.62,-0.3,7
supertrend,ETH,1d,-20.487691097344495,-0.013524234027752253,0.0,0.0,0,0.0,0.0,0,0.0,0.0,0
ichimoku_cloud,ETH,1d,-20.487691097344495,-0.013524234027752253,-1.1,0.136,3,-1.1,0.136,3,39.39,1.339,1
pairs_spread,ETH,1d,-20.487691097344495,-0.013524234027752253,-62.08,0.751,8,-4.22,0.178,7,-9.86,0.046,6
squeeze_momentum,ETH,1d,-20.487691097344495,-0.013524234027752253,-4.77,0.236,4,-28.79,-0.493,2,4.7,0.326,1
atr_breakout,ETH,1d,-20.487691097344495,-0.013524234027752253,48.72,0.972,7,3.71,0.3,5,17.64,0.589,4
amd_ifvg,ETH,1d,-20.487691097344495,-0.013524234027752253,0.0,0.0,0,0.0,0.0,0,0.0,0.0,0
heikin_ashi_ema,ETH,1d,-20.487691097344495,-0.013524234027752253,-34.01,-0.247,20,-32.91,-0.379,13,12.76,0.524,5
order_blocks,ETH,1d,-20.487691097344495,-0.013524234027752253,-60.06,-1.096,7,-60.42,-1.207,6,-21.02,-0.294,4
vwap_reversion,ETH,1d,-20.487691097344495,-0.013524234027752253,-69.57,-0.367,184,-62.93,-0.435,137,-42.15,-0.463,73
chart_pattern,ETH,1d,-20.487691097344495,-0.013524234027752253,92.66,1.571,2,47.77,1.236,1,47.77,1.236,1
liquidity_sweeps,ETH,1d,-20.487691097344495,-0.013524234027752253,15.29,1.39,1,0.0,0.0,0,0.0,0.0,0
parabolic_sar,ETH,1d,-20.487691097344495,-0.013524234027752253,-59.31,-0.932,33,-63.6,-1.448,22,-47.34,-1.478,8
range_scalper,ETH,1d,-20.487691097344495,-0.013524234027752253,0.0,0.0,0,0.0,0.0,0,0.0,0.0,0
sweep_squeeze_combo,ETH,1d,-20.487691097344495,-0.013524234027752253,0.0,0.0,0,0.0,0.0,0,0.0,0.0,0
adx_trend,ETH,1d,-20.487691097344495,-0.013524234027752253,38.56,0.942,6,38.56,0.942,6,59.39,1.419,3
donchian_breakout,ETH,1d,-20.487691097344495,-0.013524234027752253,0.68,0.339,9,-12.07,-0.011,5,33.76,1.04,2
tema_cross,ETH,1d,-20.487691097344495,-0.013524234027752253,-21.59,-0.083,10,25.09,0.95,4,0.0,0.0,0
sma_crossover,SOL,1d,-47.707827863618945,-0.5542840781585064,-30.81,-0.185,7,-20.54,-0.012,5,29.96,0.86,2
ema_crossover,SOL,1d,-47.707827863618945,-0.5542840781585064,-32.01,-0.285,18,-35.99,-1.097,6,5.83,0.357,2
rsi,SOL,1d,-47.707827863618945,-0.5542840781585064,-25.51,-0.07,3,-25.51,-0.07,3,-42.15,-0.884,1
bollinger_bands,SOL,1d,-47.707827863618945,-0.5542840781585064,-52.04,-0.487,6,-42.45,-0.665,4,-51.56,-1.103,2
macd,SOL,1d,-47.707827863618945,-0.5542840781585064,-25.4,-0.064,30,-34.31,-0.437,18,3.7,0.291,9
mean_reversion,SOL,1d,-47.707827863618945,-0.5542840781585064,-57.66,-0.379,9,-35.9,-0.525,6,-43.61,-0.844,5
momentum,SOL,1d,-47.707827863618945,-0.5542840781585064,-56.63,-0.813,21,-51.71,-1.215,10,-40.98,-0.902,9
volume_weighted,SOL,1d,-47.707827863618945,-0.5542840781585064,-63.06,-1.164,4,0.0,0.0,0,0.0,0.0,0
triple_ema,SOL,1d,-47.707827863618945,-0.5542840781585064,-26.32,-0.255,10,-44.4,-2.174,3,-31.87,-2.132,2
rsi_macd_combo,SOL,1d,-47.707827863618945,-0.5542840781585064,-60.27,-0.892,2,-60.27,-0.892,2,-57.74,-1.408,1
stoch_rsi,SOL,1d,-47.707827863618945,-0.5542840781585064,17.32,0.575,14,7.87,0.419,8,-31.46,-0.561,5
supertrend,SOL,1d,-47.707827863618945,-0.5542840781585064,0.0,0.0,0,0.0,0.0,0,0.0,0.0,0
ichimoku_cloud,SOL,1d,-47.707827863618945,-0.5542840781585064,-75.71,-1.877,7,-65.22,-1.414,3,-8.35,-0.797,1
pairs_spread,SOL,1d,-47.707827863618945,-0.5542840781585064,-39.23,0.113,5,-8.31,0.08,4,-8.31,0.08,4
squeeze_momentum,SOL,1d,-47.707827863618945,-0.5542840781585064,-43.39,-0.666,3,-22.73,-0.53,1,0.0,0.0,0
atr_breakout,SOL,1d,-47.707827863618945,-0.5542840781585064,36.13,0.82,5,35.91,0.862,4,43.38,1.0,2
amd_ifvg,SOL,1d,-47.707827863618945,-0.5542840781585064,0.0,0.0,0,0.0,0.0,0,0.0,0.0,0
heikin_ashi_ema,SOL,1d,-47.707827863618945,-0.5542840781585064,-38.36,-0.311,18,-43.23,-0.899,9,-13.92,-0.206,7
order_blocks,SOL,1d,-47.707827863618945,-0.5542840781585064,130.74,1.96,6,91.04,1.887,5,8.71,0.674,1
vwap_reversion,SOL,1d,-47.707827863618945,-0.5542840781585064,-58.02,-0.044,182,-45.38,-0.097,117,-13.33,0.197,69
chart_pattern,SOL,1d,-47.707827863618945,-0.5542840781585064,15.76,0.542,3,39.83,1.319,1,39.83,1.319,1
liquidity_sweeps,SOL,1d,-47.707827863618945,-0.5542840781585064,59.36,1.084,5,59.36,1.084,5,-11.05,-0.085,2
parabolic_sar,SOL,1d,-47.707827863618945,-0.5542840781585064,-30.18,-0.099,27,-33.72,-0.359,17,-42.01,-0.864,10
range_scalper,SOL,1d,-47.707827863618945,-0.5542840781585064,0.0,0.0,0,0.0,0.0,0,0.0,0.0,0
sweep_squeeze_combo,SOL,1d,-47.707827863618945,-0.5542840781585064,0.0,0.0,0,0.0,0.0,0,0.0,0.0,0
adx_trend,SOL,1d,-47.707827863618945,-0.5542840781585064,38.33,0.794,3,38.33,0.794,3,48.79,0.885,2
donchian_breakout,SOL,1d,-47.707827863618945,-0.5542840781585064,8.34,0.441,7,11.53,0.463,4,52.82,1.185,2
tema_cross,SOL,1d,-47.707827863618945,-0.5542840781585064,-11.67,0.112,8,-31.64,-0.934,4,-10.12,-0.638,1
sma_crossover,XRP,1d,-38.742636229749635,-0.3933982701377666,-19.42,-0.156,8,-22.63,-0.431,4,18.37,0.795,1
ema_crossover,XRP,1d,-38.742636229749635,-0.3933982701377666,-23.06,-0.191,18,-21.0,-0.578,5,13.14,0.608,2
rsi,XRP,1d,-38.742636229749635,-0.3933982701377666,24.37,0.674,4,24.37,0.674,4,-21.97,-0.407,2
bollinger_bands,XRP,1d,-38.742636229749635,-0.3933982701377666,34.66,0.781,6,28.46,0.734,4,-9.78,-0.122,1
macd,XRP,1d,-38.742636229749635,-0.3933982701377666,-18.91,0.06,26,-25.43,-0.366,11,-44.19,-1.329,9
mean_reversion,XRP,1d,-38.742636229749635,-0.3933982701377666,4.29,0.514,14,22.49,0.664,7,-10.05,-0.031,5
momentum,XRP,1d,-38.742636229749635,-0.3933982701377666,-37.15,-0.406,19,-17.68,-0.153,9,8.3,0.4,6
volume_weighted,XRP,1d,-38.742636229749635,-0.3933982701377666,-38.6,0.17,4,-33.35,-0.786,1,0.0,0.0,0
triple_ema,XRP,1d,-38.742636229749635,-0.3933982701377666,-23.33,-0.225,18,-35.34,-1.697,5,-6.53,-0.391,1
rsi_macd_combo,XRP,1d,-38.742636229749635,-0.3933982701377666,10.46,0.449,4,10.46,0.449,4,-27.47,-0.627,2
stoch_rsi,XRP,1d,-38.742636229749635,-0.3933982701377666,20.09,0.638,18,59.06,1.089,9,31.76,0.809,6
supertrend,XRP,1d,-38.742636229749635,-0.3933982701377666,0.0,0.0,0,0.0,0.0,0,0.0,0.0,0
ichimoku_cloud,XRP,1d,-38.742636229749635,-0.3933982701377666,41.72,1.201,3,0.0,0.0,0,0.0,0.0,0
pairs_spread,XRP,1d,-38.742636229749635,-0.3933982701377666,4.46,0.564,8,27.4,0.712,6,2.09,0.29,4
squeeze_momentum,XRP,1d,-38.742636229749635,-0.3933982701377666,7.22,0.413,4,26.52,0.897,1,26.52,0.897,1
atr_breakout,XRP,1d,-38.742636229749635,-0.3933982701377666,-40.57,-0.381,5,-56.3,-1.245,3,-27.54,-0.919,2
amd_ifvg,XRP,1d,-38.742636229749635,-0.3933982701377666,0.0,0.0,0,0.0,0.0,0,0.0,0.0,0
heikin_ashi_ema,XRP,1d,-38.742636229749635,-0.3933982701377666,-26.96,-0.068,18,-24.94,-0.341,8,9.52,0.432,4
order_blocks,XRP,1d,-38.742636229749635,-0.3933982701377666,-22.55,-0.166,3,-38.78,-0.751,2,0.0,0.0,0
vwap_reversion,XRP,1d,-38.742636229749635,-0.3933982701377666,-79.4,-0.961,187,-44.05,-0.197,100,-12.53,0.151,68
chart_pattern,XRP,1d,-38.742636229749635,-0.3933982701377666,41.97,0.923,2,0.0,0.0,0,0.0,0.0,0
liquidity_sweeps,XRP,1d,-38.742636229749635,-0.3933982701377666,-39.62,-0.591,3,0.0,0.0,0,0.0,0.0,0
parabolic_sar,XRP,1d,-38.742636229749635,-0.3933982701377666,4.64,0.41,28,-9.45,0.023,11,-13.0,-0.307,5
range_scalper,XRP,1d,-38.742636229749635,-0.3933982701377666,0.0,0.0,0,0.0,0.0,0,0.0,0.0,0
sweep_squeeze_combo,XRP,1d,-38.742636229749635,-0.3933982701377666,-30.31,-0.607,1,-30.31,-0.607,1,-30.31,-0.607,1
adx_trend,XRP,1d,-38.742636229749635,-0.3933982701377666,-33.84,-0.745,1,-33.84,-0.745,1,0.0,0.0,0
donchian_breakout,XRP,1d,-38.742636229749635,-0.3933982701377666,0.33,0.321,7,1.42,0.192,2,15.81,0.747,1
tema_cross,XRP,1d,-38.742636229749635,-0.3933982701377666,-45.46,-0.273,8,42.07,1.217,2,0.0,0.0,0
sma_crossover,DOGE,1d,-48.05363546593212,-0.4191539920836023,-17.24,0.102,7,23.16,0.656,4,54.88,1.278,2
ema_crossover,DOGE,1d,-48.05363546593212,-0.4191539920836023,-46.95,-0.521,14,-21.28,-0.324,6,-9.33,-0.138,4
rsi,DOGE,1d,-48.05363546593212,-0.4191539920836023,142.94,1.633,4,65.83,1.116,3,-0.15,0.18,1
bollinger_bands,DOGE,1d,-48.05363546593212,-0.4191539920836023,-29.26,0.13,7,-41.49,-0.079,6,-42.75,-0.84,2
macd,DOGE,1d,-48.05363546593212,-0.4191539920836023,-66.69,-0.716,34,-45.85,-0.511,19,-43.15,-0.512,14
mean_reversion,DOGE,1d,-48.05363546593212,-0.4191539920836023,-18.4,0.102,6,-18.4,0.102,6,-17.61,-0.144,4
momentum,DOGE,1d,-48.05363546593212,-0.4191539920836023,-58.15,-0.748,21,-15.7,-0.041,12,-28.76,-0.518,9
volume_weighted,DOGE,1d,-48.05363546593212,-0.4191539920836023,-49.65,0.224,6,-63.78,-0.032,4,-3.58,-0.999,1
triple_ema,DOGE,1d,-48.05363546593212,-0.4191539920836023,-64.03,-1.059,14,-11.0,-0.007,6,-9.06,-0.055,3
rsi_macd_combo,DOGE,1d,-48.05363546593212,-0.4191539920836023,0.97,0.395,4,0.97,0.395,4,-21.23,-0.081,2
stoch_rsi,DOGE,1d,-48.05363546593212,-0.4191539920836023,-49.33,-0.346,12,-37.18,-0.247,9,0.14,0.305,6
supertrend,DOGE,1d,-48.05363546593212,-0.4191539920836023,0.0,0.0,0,0.0,0.0,0,0.0,0.0,0
ichimoku_cloud,DOGE,1d,-48.05363546593212,-0.4191539920836023,-66.26,-1.22,2,-9.39,-0.175,1,-9.39,-0.175,1
pairs_spread,DOGE,1d,-48.05363546593212,-0.4191539920836023,-27.05,-0.039,5,-27.05,-0.039,5,-28.6,-0.398,3
squeeze_momentum,DOGE,1d,-48.05363546593212,-0.4191539920836023,8.16,0.452,8,67.72,1.297,4,45.11,1.443,1
atr_breakout,DOGE,1d,-48.05363546593212,-0.4191539920836023,-34.82,-0.225,5,-34.82,-0.225,5,-7.2,0.144,4
amd_ifvg,DOGE,1d,-48.05363546593212,-0.4191539920836023,0.0,0.0,0,0.0,0.0,0,0.0,0.0,0
heikin_ashi_ema,DOGE,1d,-48.05363546593212,-0.4191539920836023,-42.77,-0.33,19,-10.67,0.051,10,-2.77,0.11,4
order_blocks,DOGE,1d,-48.05363546593212,-0.4191539920836023,-16.35,0.138,5,-16.35,0.138,5,-16.35,0.138,5
vwap_reversion,DOGE,1d,-48.05363546593212,-0.4191539920836023,-73.45,-0.213,183,-58.26,-0.187,119,-36.63,-0.108,77
chart_pattern,DOGE,1d,-48.05363546593212,-0.4191539920836023,22.86,0.767,1,22.86,0.767,1,22.86,0.767,1
liquidity_sweeps,DOGE,1d,-48.05363546593212,-0.4191539920836023,-44.72,-0.629,2,-44.72,-0.629,2,-51.65,-1.036,1
parabolic_sar,DOGE,1d,-48.05363546593212,-0.4191539920836023,-23.66,0.084,27,18.69,0.588,18,23.82,0.675,9
range_scalper,DOGE,1d,-48.05363546593212,-0.4191539920836023,0.0,0.0,0,0.0,0.0,0,0.0,0.0,0
sweep_squeeze_combo,DOGE,1d,-48.05363546593212,-0.4191539920836023,0.0,0.0,0,0.0,0.0,0,0.0,0.0,0
adx_trend,DOGE,1d,-48.05363546593212,-0.4191539920836023,-17.08,0.104,3,-17.08,0.104,3,25.92,0.669,2
donchian_breakout,DOGE,1d,-48.05363546593212,-0.4191539920836023,23.69,0.657,5,22.73,0.645,4,47.79,1.207,2
tema_cross,DOGE,1d,-48.05363546593212,-0.4191539920836023,-58.31,-0.675,8,48.03,1.409,1,48.03,1.409,1
sma_crossover,ADA,1d,-65.91399416909621,-1.038830768237757,48.67,0.992,6,80.85,1.377,4,86.1,1.682,3
ema_crossover,ADA,1d,-65.91399416909621,-1.038830768237757,29.08,0.718,14,-12.52,-0.17,5,-3.48,-0.64,1
rsi,ADA,1d,-65.91399416909621,-1.038830768237757,-46.69,-0.473,3,-61.79,-0.994,2,-66.54,-1.601,1
bollinger_bands,ADA,1d,-65.91399416909621,-1.038830768237757,-24.96,0.061,8,-18.78,0.047,6,-38.77,-0.806,2
macd,ADA,1d,-65.91399416909621,-1.038830768237757,-57.27,-0.648,32,-50.33,-0.688,19,-30.39,-0.463,12
mean_reversion,ADA,1d,-65.91399416909621,-1.038830768237757,-58.34,-0.797,8,-60.07,-0.938,5,-62.01,-1.367,3
momentum,ADA,1d,-65.91399416909621,-1.038830768237757,-58.9,-0.785,23,-36.91,-0.57,9,-3.29,0.105,5
volume_weighted,ADA,1d,-65.91399416909621,-1.038830768237757,-26.17,-0.769,5,-23.72,-0.868,2,-9.34,-0.577,1
triple_ema,ADA,1d,-65.91399416909621,-1.038830768237757,-7.28,0.127,12,-25.52,-0.719,5,-13.69,-1.119,1
rsi_macd_combo,ADA,1d,-65.91399416909621,-1.038830768237757,-37.67,-0.279,3,-37.67,-0.279,3,-48.43,-0.785,2
stoch_rsi,ADA,1d,-65.91399416909621,-1.038830768237757,-29.07,0.009,16,-27.77,-0.045,11,-44.44,-0.486,8
supertrend,ADA,1d,-65.91399416909621,-1.038830768237757,0.0,0.0,0,0.0,0.0,0,0.0,0.0,0
ichimoku_cloud,ADA,1d,-65.91399416909621,-1.038830768237757,56.05,1.306,2,-9.03,-0.288,1,0.0,0.0,0
pairs_spread,ADA,1d,-65.91399416909621,-1.038830768237757,-36.5,-0.241,7,-47.25,-0.554,4,-55.33,-1.127,2
squeeze_momentum,ADA,1d,-65.91399416909621,-1.038830768237757,16.39,0.557,3,45.52,0.973,2,51.34,1.705,1
atr_breakout,ADA,1d,-65.91399416909621,-1.038830768237757,-56.58,-0.735,5,-66.97,-1.224,4,-55.14,-1.388,2
amd_ifvg,ADA,1d,-65.91399416909621,-1.038830768237757,0.0,0.0,0,0.0,0.0,0,0.0,0.0,0
heikin_ashi_ema,ADA,1d,-65.91399416909621,-1.038830768237757,-36.0,-0.26,18,-11.94,-0.099,7,-5.47,-0.116,2
order_blocks,ADA,1d,-65.91399416909621,-1.038830768237757,-53.55,-0.917,4,-64.66,-1.559,3,-55.14,-1.388,2
vwap_reversion,ADA,1d,-65.91399416909621,-1.038830768237757,-68.99,-0.298,181,-56.31,-0.371,107,-52.62,-0.532,70
chart_pattern,ADA,1d,-65.91399416909621,-1.038830768237757,69.32,1.616,1,0.0,0.0,0,0.0,0.0,0
liquidity_sweeps,ADA,1d,-65.91399416909621,-1.038830768237757,-58.43,-1.021,2,-58.43,-1.021,2,-66.54,-1.601,1
parabolic_sar,ADA,1d,-65.91399416909621,-1.038830768237757,-44.04,-0.243,33,-24.85,-0.033,18,-46.76,-0.75,12
range_scalper,ADA,1d,-65.91399416909621,-1.038830768237757,0.0,0.0,0,0.0,0.0,0,0.0,0.0,0
sweep_squeeze_combo,ADA,1d,-65.91399416909621,-1.038830768237757,-70.5,-1.58,1,-70.5,-1.58,1,-70.5,-1.58,1
adx_trend,ADA,1d,-65.91399416909621,-1.038830768237757,-12.87,0.173,7,-12.87,0.173,7,50.1,0.95,4
donchian_breakout,ADA,1d,-65.91399416909621,-1.038830768237757,-20.99,-0.055,8,-38.53,-0.665,5,-18.43,-0.401,2
tema_cross,ADA,1d,-65.91399416909621,-1.038830768237757,39.29,0.866,6,8.92,0.483,2,0.0,0.0,0
sma_crossover,AVAX,1d,-57.24519230769231,-0.6775890180009982,-9.52,0.182,8,-11.98,0.083,4,35.12,1.504,1
ema_crossover,AVAX,1d,-57.24519230769231,-0.6775890180009982,-28.78,-0.101,14,24.05,0.733,4,31.09,1.138,1
rsi,AVAX,1d,-57.24519230769231,-0.6775890180009982,-44.9,-0.224,3,-58.12,-0.564,2,-60.42,-1.393,1
bollinger_bands,AVAX,1d,-57.24519230769231,-0.6775890180009982,-37.31,0.114,5,-37.31,0.114,5,-35.66,-1.025,1
macd,AVAX,1d,-57.24519230769231,-0.6775890180009982,-38.8,-0.205,28,-9.9,0.182,15,-25.55,-0.334,9
mean_reversion,AVAX,1d,-57.24519230769231,-0.6775890180009982,-30.81,0.036,8,-16.57,0.182,4,-32.46,-0.753,2
momentum,AVAX,1d,-57.24519230769231,-0.6775890180009982,30.57,0.724,19,18.81,0.586,8,-20.35,-1.372,2
volume_weighted,AVAX,1d,-57.24519230769231,-0.6775890180009982,11.66,0.521,5,-0.7,0.317,2,-40.73,-0.623,1
triple_ema,AVAX,1d,-57.24519230769231,-0.6775890180009982,-41.31,-0.439,14,25.99,0.723,4,41.05,1.119,2
rsi_macd_combo,AVAX,1d,-57.24519230769231,-0.6775890180009982,32.36,0.738,5,32.36,0.738,5,-13.22,-0.007,3
stoch_rsi,AVAX,1d,-57.24519230769231,-0.6775890180009982,-24.79,0.108,14,-14.65,0.136,9,58.6,1.427,5
supertrend,AVAX,1d,-57.24519230769231,-0.6775890180009982,0.0,0.0,0,0.0,0.0,0,0.0,0.0,0
ichimoku_cloud,AVAX,1d,-57.24519230769231,-0.6775890180009982,-55.23,-0.969,6,0.0,0.0,0,0.0,0.0,0
pairs_spread,AVAX,1d,-57.24519230769231,-0.6775890180009982,-36.45,-0.051,5,-36.45,-0.051,5,-48.26,-0.927,3
squeeze_momentum,AVAX,1d,-57.24519230769231,-0.6775890180009982,-71.28,-1.46,5,-63.13,-1.138,2,0.0,0.0,0
atr_breakout,AVAX,1d,-57.24519230769231,-0.6775890180009982,-28.5,-0.23,5,20.56,0.619,3,-15.12,-0.584,1
amd_ifvg,AVAX,1d,-57.24519230769231,-0.6775890180009982,0.0,0.0,0,0.0,0.0,0,0.0,0.0,0
heikin_ashi_ema,AVAX,1d,-57.24519230769231,-0.6775890180009982,14.41,0.538,15,39.97,0.868,8,51.4,1.412,1
order_blocks,AVAX,1d,-57.24519230769231,-0.6775890180009982,-67.11,-1.286,7,-46.22,-0.74,6,-5.76,0.062,4
vwap_reversion,AVAX,1d,-57.24519230769231,-0.6775890180009982,-45.46,0.137,177,-56.15,-0.415,99,-26.94,-0.114,57
chart_pattern,AVAX,1d,-57.24519230769231,-0.6775890180009982,-0.16,0.258,4,53.18,1.573,1,53.18,1.573,1
liquidity_sweeps,AVAX,1d,-57.24519230769231,-0.6775890180009982,-49.82,-0.918,4,-49.6,-0.931,2,-49.6,-0.931,2
parabolic_sar,AVAX,1d,-57.24519230769231,-0.6775890180009982,-48.05,-0.259,35,-38.18,-0.289,25,-32.26,-0.6,10
range_scalper,AVAX,1d,-57.24519230769231,-0.6775890180009982,0.0,0.0,0,0.0,0.0,0,0.0,0.0,0
sweep_squeeze_combo,AVAX,1d,-57.24519230769231,-0.6775890180009982,0.0,0.0,0,0.0,0.0,0,0.0,0.0,0
adx_trend,AVAX,1d,-57.24519230769231,-0.6775890180009982,-60.94,-0.883,5,-60.94,-0.883,5,-2.64,0.062,3
donchian_breakout,AVAX,1d,-57.24519230769231,-0.6775890180009982,48.04,0.968,3,52.99,1.569,1,52.99,1.569,1
tema_cross,AVAX,1d,-57.24519230769231,-0.6775890180009982,2.04,0.331,12,25.7,0.79,5,-7.19,-1.145,1
sma_crossover,LINK,1d,-34.552612741589115,-0.1589016061878744,64.71,1.102,7,24.07,0.677,4,24.5,1.175,1
ema_crossover,LINK,1d,-34.552612741589115,-0.1589016061878744,-0.68,0.352,14,-10.6,-0.255,5,10.32,0.555,2
rsi,LINK,1d,-34.552612741589115,-0.1589016061878744,104.74,1.245,3,104.74,1.245,3,19.34,0.751,1
bollinger_bands,LINK,1d,-34.552612741589115,-0.1589016061878744,-60.25,0.217,6,-43.74,-0.642,4,-50.2,-1.074,2
macd,LINK,1d,-34.552612741589115,-0.1589016061878744,-31.44,-0.007,28,-26.9,-0.083,16,-26.68,-0.328,10
mean_reversion,LINK,1d,-34.552612741589115,-0.1589016061878744,-47.51,-0.052,11,-51.18,-0.172,8,-44.81,-0.998,4
momentum,LINK,1d,-34.552612741589115,-0.1589016061878744,-43.73,-0.324,21,-38.65,-0.389,12,-13.78,-0.147,6
volume_weighted,LINK,1d,-34.552612741589115,-0.1589016061878744,6.69,0.45,5,29.74,1.047,1,29.74,1.047,1
triple_ema,LINK,1d,-34.552612741589115,-0.1589016061878744,-31.43,-0.168,12,-17.55,-0.132,5,0.0,0.0,0
rsi_macd_combo,LINK,1d,-34.552612741589115,-0.1589016061878744,-26.51,0.176,4,-47.67,-0.209,2,-48.35,-1.037,1
stoch_rsi,LINK,1d,-34.552612741589115,-0.1589016061878744,0.99,0.398,14,17.17,0.575,12,8.08,0.405,6
supertrend,LINK,1d,-34.552612741589115,-0.1589016061878744,0.0,0.0,0,0.0,0.0,0,0.0,0.0,0
ichimoku_cloud,LINK,1d,-34.552612741589115,-0.1589016061878744,-24.64,-0.177,7,-8.94,0.096,3,42.94,1.313,1
pairs_spread,LINK,1d,-34.552612741589115,-0.1589016061878744,-46.79,-0.05,7,-52.93,-0.187,6,-43.27,-0.987,3
squeeze_momentum,LINK,1d,-34.552612741589115,-0.1589016061878744,-53.96,-0.993,3,-33.38,-0.716,2,9.6,0.5,1
atr_breakout,LINK,1d,-34.552612741589115,-0.1589016061878744,-30.18,-0.088,5,-40.61,-0.593,4,-39.87,-0.708,3
amd_ifvg,LINK,1d,-34.552612741589115,-0.1589016061878744,0.0,0.0,0,0.0,0.0,0,0.0,0.0,0
heikin_ashi_ema,LINK,1d,-34.552612741589115,-0.1589016061878744,-3.38,0.357,15,31.51,0.726,8,26.13,1.26,1
order_blocks,LINK,1d,-34.552612741589115,-0.1589016061878744,-42.38,-0.372,5,-42.38,-0.372,5,-39.87,-0.708,3
vwap_reversion,LINK,1d,-34.552612741589115,-0.1589016061878744,-40.71,0.298,182,-19.06,0.377,115,-7.31,0.226,53
chart_pattern,LINK,1d,-34.552612741589115,-0.1589016061878744,-36.83,-0.952,2,-35.98,-0.92,1,0.0,0.0,0
liquidity_sweeps,LINK,1d,-34.552612741589115,-0.1589016061878744,-29.23,-0.451,2,0.0,0.0,0,0.0,0.0,0
parabolic_sar,LINK,1d,-34.552612741589115,-0.1589016061878744,-39.33,-0.062,31,-46.1,-0.283,23,-38.11,-0.428,11
range_scalper,LINK,1d,-34.552612741589115,-0.1589016061878744,0.0,0.0,0,0.0,0.0,0,0.0,0.0,0
sweep_squeeze_combo,LINK,1d,-34.552612741589115,-0.1589016061878744,-23.55,-0.51,1,-23.55,-0.51,1,-23.55,-0.51,1
adx_trend,LINK,1d,-34.552612741589115,-0.1589016061878744,-49.04,-0.579,6,-49.04,-0.579,6,-5.37,-0.313,3
donchian_breakout,LINK,1d,-34.552612741589115,-0.1589016061878744,103.95,1.464,6,6.33,0.365,2,21.2,0.953,1
tema_cross,LINK,1d,-34.552612741589115,-0.1589016061878744,19.9,0.601,8,19.89,0.652,4,0.0,0.0,0
sma_crossover,BTC,4h,-28.87832475634141,-0.6384112315597915,5.45,0.332,52,28.57,0.953,25,6.47,0.382,16
ema_crossover,BTC,4h,-28.87832475634141,-0.6384112315597915,-54.93,-1.721,94,-26.37,-0.902,40,-7.18,-0.235,21
rsi,BTC,4h,-28.87832475634141,-0.6384112315597915,-10.65,-0.064,18,-8.31,-0.011,17,-21.06,-0.541,9
bollinger_bands,BTC,4h,-28.87832475634141,-0.6384112315597915,23.49,0.712,48,41.26,1.147,34,-1.37,0.092,20
macd,BTC,4h,-28.87832475634141,-0.6384112315597915,-28.82,-0.514,173,-32.89,-0.837,103,-16.78,-0.442,59
mean_reversion,BTC,4h,-28.87832475634141,-0.6384112315597915,-16.02,-0.19,61,-5.01,0.045,42,-5.22,-0.003,31
momentum,BTC,4h,-28.87832475634141,-0.6384112315597915,-46.31,-1.397,27,-31.54,-0.858,22,-16.79,-0.514,14
volume_weighted,BTC,4h,-28.87832475634141,-0.6384112315597915,49.4,1.239,35,15.47,0.611,19,18.65,0.892,10
triple_ema,BTC,4h,-28.87832475634141,-0.6384112315597915,-11.84,-0.154,74,-8.92,-0.229,31,0.12,0.101,14
rsi_macd_combo,BTC,4h,-28.87832475634141,-0.6384112315597915,-20.56,-0.344,24,-26.85,-0.571,20,-31.92,-1.028,10
stoch_rsi,BTC,4h,-28.87832475634141,-0.6384112315597915,-28.01,-0.535,102,14.74,0.56,68,33.38,1.072,49
supertrend,BTC,4h,-28.87832475634141,-0.6384112315597915,0.0,0.0,0,0.0,0.0,0,0.0,0.0,0
ichimoku_cloud,BTC,4h,-28.87832475634141,-0.6384112315597915,12.87,0.508,23,21.94,0.81,11,38.9,1.494,7
pairs_spread,BTC,4h,-28.87832475634141,-0.6384112315597915,20.18,0.641,49,66.79,1.616,33,20.45,0.774,24
squeeze_momentum,BTC,4h,-28.87832475634141,-0.6384112315597915,7.62,0.382,25,7.85,0.449,9,15.97,1.043,3
atr_breakout,BTC,4h,-28.87832475634141,-0.6384112315597915,-36.23,-0.983,47,-29.33,-0.957,29,-12.4,-0.505,13
amd_ifvg,BTC,4h,-28.87832475634141,-0.6384112315597915,0.0,0.0,0,0.0,0.0,0,0.0,0.0,0
heikin_ashi_ema,BTC,4h,-28.87832475634141,-0.6384112315597915,-24.0,-0.451,98,-27.61,-0.717,65,-10.46,-0.249,39
order_blocks,BTC,4h,-28.87832475634141,-0.6384112315597915,0.28,0.197,43,-5.06,-0.011,28,-1.3,0.022,10
vwap_reversion,BTC,4h,-28.87832475634141,-0.6384112315597915,-18.31,-0.172,348,-43.64,-1.181,234,-37.63,-1.168,136
chart_pattern,BTC,4h,-28.87832475634141,-0.6384112315597915,-30.16,-0.693,34,-35.75,-1.391,19,-8.56,-0.304,9
liquidity_sweeps,BTC,4h,-28.87832475634141,-0.6384112315597915,-37.6,-0.92,20,-21.02,-0.483,14,-27.69,-1.096,6
parabolic_sar,BTC,4h,-28.87832475634141,-0.6384112315597915,-40.55,-0.847,192,-31.65,-0.742,129,-7.31,-0.087,71
range_scalper,BTC,4h,-28.87832475634141,-0.6384112315597915,0.0,0.0,0,0.0,0.0,0,0.0,0.0,0
sweep_squeeze_combo,BTC,4h,-28.87832475634141,-0.6384112315597915,-23.86,-0.514,6,0.84,0.164,3,0.0,0.0,0
adx_trend,BTC,4h,-28.87832475634141,-0.6384112315597915,-50.28,-1.451,28,-50.28,-1.451,28,-15.79,-0.54,14
donchian_breakout,BTC,4h,-28.87832475634141,-0.6384112315597915,-14.31,-0.19,48,2.57,0.238,28,14.33,0.75,12
tema_cross,BTC,4h,-28.87832475634141,-0.6384112315597915,-6.63,-0.012,58,27.67,0.98,23,5.08,0.367,5
sma_crossover,ETH,4h,-19.942043523085072,-0.042376768921321695,13.61,0.512,48,4.18,0.326,27,76.35,1.611,16
ema_crossover,ETH,4h,-19.942043523085072,-0.042376768921321695,-36.12,-0.377,78,-40.25,-1.024,34,-22.14,-0.581,20
rsi,ETH,4h,-19.942043523085072,-0.042376768921321695,-3.28,0.305,18,36.41,0.82,16,-3.68,0.128,9
bollinger_bands,ETH,4h,-19.942043523085072,-0.042376768921321695,-53.01,-0.741,44,-5.89,0.161,29,-15.19,-0.197,17
macd,ETH,4h,-19.942043523085072,-0.042376768921321695,-30.33,-0.163,169,-26.01,-0.216,107,-20.61,-0.315,56
mean_reversion,ETH,4h,-19.942043523085072,-0.042376768921321695,-10.68,0.214,62,-37.22,-0.357,38,-12.41,-0.027,26
momentum,ETH,4h,-19.942043523085072,-0.042376768921321695,-43.85,-0.636,54,18.38,0.586,33,23.12,0.706,22
volume_weighted,ETH,4h,-19.942043523085072,-0.042376768921321695,34.76,0.783,31,51.09,1.078,21,10.0,0.442,11
triple_ema,ETH,4h,-19.942043523085072,-0.042376768921321695,-37.71,-0.493,74,-59.58,-2.227,33,-40.96,-1.554,19
rsi_macd_combo,ETH,4h,-19.942043523085072,-0.042376768921321695,-42.46,-0.367,28,4.76,0.373,22,-25.86,-0.425,10
stoch_rsi,ETH,4h,-19.942043523085072,-0.042376768921321695,4.21,0.397,96,37.69,0.845,67,5.61,0.346,40
supertrend,ETH,4h,-19.942043523085072,-0.042376768921321695,0.0,0.0,0,0.0,0.0,0,0.0,0.0,0
ichimoku_cloud,ETH,4h,-19.942043523085072,-0.042376768921321695,176.94,2.15,15,56.28,1.311,7,62.46,1.669,5
pairs_spread,ETH,4h,-19.942043523085072,-0.042376768921321695,-31.4,-0.09,44,-40.4,-0.3,35,-49.79,-0.682,25
squeeze_momentum,ETH,4h,-19.942043523085072,-0.042376768921321695,3.98,0.379,11,-28.54,-0.527,5,-28.54,-0.527,5
atr_breakout,ETH,4h,-19.942043523085072,-0.042376768921321695,53.11,0.998,46,12.47,0.485,29,7.4,0.379,16
amd_ifvg,ETH,4h,-19.942043523085072,-0.042376768921321695,0.0,0.0,0,0.0,0.0,0,0.0,0.0,0
heikin_ashi_ema,ETH,4h,-19.942043523085072,-0.042376768921321695,-67.54,-1.318,112,-55.9,-1.396,63,-42.51,-1.31,35
order_blocks,ETH,4h,-19.942043523085072,-0.042376768921321695,-0.13,0.308,44,-0.73,0.215,28,3.45,0.28,18
vwap_reversion,ETH,4h,-19.942043523085072,-0.042376768921321695,-17.46,0.145,350,-29.66,-0.202,241,-39.74,-0.753,132
chart_pattern,ETH,4h,-19.942043523085072,-0.042376768921321695,-2.55,0.251,21,-47.28,-1.156,13,-15.26,-0.361,7
liquidity_sweeps,ETH,4h,-19.942043523085072,-0.042376768921321695,-58.73,-0.853,18,-30.79,-0.421,13,-36.91,-0.983,7
parabolic_sar,ETH,4h,-19.942043523085072,-0.042376768921321695,-51.64,-0.601,178,-34.21,-0.373,121,-38.65,-0.796,65
range_scalper,ETH,4h,-19.942043523085072,-0.042376768921321695,0.0,0.0,0,0.0,0.0,0,0.0,0.0,0
sweep_squeeze_combo,ETH,4h,-19.942043523085072,-0.042376768921321695,-11.14,0.12,8,-46.42,-0.91,3,-46.42,-0.91,3
adx_trend,ETH,4h,-19.942043523085072,-0.042376768921321695,0.94,0.324,33,0.94,0.324,33,-5.65,0.098,17
donchian_breakout,ETH,4h,-19.942043523085072,-0.042376768921321695,-17.28,0.0,46,-16.3,-0.171,24,8.95,0.433,11
tema_cross,ETH,4h,-19.942043523085072,-0.042376768921321695,-1.42,0.272,50,-7.22,0.014,26,-20.27,-0.719,10
sma_crossover,SOL,4h,-46.880269814502526,-0.5616775994226394,28.33,0.705,48,3.17,0.302,22,32.04,0.973,11
ema_crossover,SOL,4h,-46.880269814502526,-0.5616775994226394,-62.31,-1.07,88,-33.39,-0.604,35,-8.96,-0.121,17
rsi,SOL,4h,-46.880269814502526,-0.5616775994226394,23.9,0.658,20,3.38,0.405,18,-25.13,-0.291,9
bollinger_bands,SOL,4h,-46.880269814502526,-0.5616775994226394,23.38,0.654,48,29.02,0.73,29,-27.77,-0.407,20
macd,SOL,4h,-46.880269814502526,-0.5616775994226394,-39.35,-0.243,165,4.5,0.378,96,2.98,0.295,45
mean_reversion,SOL,4h,-46.880269814502526,-0.5616775994226394,-42.19,-0.318,65,-9.28,0.119,43,-34.19,-0.543,33
momentum,SOL,4h,-46.880269814502526,-0.5616775994226394,-59.76,-0.896,62,-37.31,-0.559,38,-23.67,-0.355,26
volume_weighted,SOL,4h,-46.880269814502526,-0.5616775994226394,-17.12,0.054,31,5.08,0.361,18,-15.93,-0.252,11
triple_ema,SOL,4h,-46.880269814502526,-0.5616775994226394,-50.95,-0.808,80,-55.04,-1.522,38,-40.89,-1.458,21
rsi_macd_combo,SOL,4h,-46.880269814502526,-0.5616775994226394,-10.61,0.229,24,-25.87,-0.078,18,-45.63,-0.7,11
stoch_rsi,SOL,4h,-46.880269814502526,-0.5616775994226394,10.36,0.506,94,37.53,0.818,67,10.9,0.46,38
supertrend,SOL,4h,-46.880269814502526,-0.5616775994226394,0.0,0.0,0,0.0,0.0,0,0.0,0.0,0
ichimoku_cloud,SOL,4h,-46.880269814502526,-0.5616775994226394,60.29,1.076,17,42.28,0.984,11,83.16,1.965,5
pairs_spread,SOL,4h,-46.880269814502526,-0.5616775994226394,-38.42,-0.159,49,-41.82,-0.348,32,-58.61,-0.925,26
squeeze_momentum,SOL,4h,-46.880269814502526,-0.5616775994226394,-18.75,-0.007,13,-43.89,-0.809,4,-47.41,-1.434,3
atr_breakout,SOL,4h,-46.880269814502526,-0.5616775994226394,-69.91,-1.317,58,-59.52,-1.172,40,-12.93,-0.105,20
amd_ifvg,SOL,4h,-46.880269814502526,-0.5616775994226394,0.0,0.0,0,0.0,0.0,0,0.0,0.0,0
heikin_ashi_ema,SOL,4h,-46.880269814502526,-0.5616775994226394,-46.17,-0.505,122,-28.34,-0.295,76,-14.61,-0.144,34
order_blocks,SOL,4h,-46.880269814502526,-0.5616775994226394,-15.9,0.111,47,-20.6,-0.068,32,6.18,0.357,19
vwap_reversion,SOL,4h,-46.880269814502526,-0.5616775994226394,-22.49,0.163,364,-50.37,-0.53,252,-44.7,-0.684,143
chart_pattern,SOL,4h,-46.880269814502526,-0.5616775994226394,5.57,0.408,19,-4.12,0.174,8,-15.52,-0.289,5
liquidity_sweeps,SOL,4h,-46.880269814502526,-0.5616775994226394,-16.88,0.11,16,-20.53,0.006,13,-32.92,-0.417,8
parabolic_sar,SOL,4h,-46.880269814502526,-0.5616775994226394,-37.89,-0.182,180,-9.92,0.171,117,-16.46,-0.094,60
range_scalper,SOL,4h,-46.880269814502526,-0.5616775994226394,0.0,0.0,0,0.0,0.0,0,0.0,0.0,0
sweep_squeeze_combo,SOL,4h,-46.880269814502526,-0.5616775994226394,-41.93,-0.506,3,-39.79,-0.476,2,-43.53,-0.638,1
adx_trend,SOL,4h,-46.880269814502526,-0.5616775994226394,-83.15,-1.95,27,-83.15,-1.95,27,-49.29,-0.881,13
donchian_breakout,SOL,4h,-46.880269814502526,-0.5616775994226394,-28.04,-0.119,47,-6.61,0.115,23,35.61,0.998,13
tema_cross,SOL,4h,-46.880269814502526,-0.5616775994226394,10.06,0.464,58,-2.35,0.165,26,42.17,1.407,4
sma_crossover,XRP,4h,-36.70344302834315,-0.3705056667384541,64.88,1.119,48,47.36,1.027,21,31.12,0.916,13
ema_crossover,XRP,4h,-36.70344302834315,-0.3705056667384541,-48.99,-0.722,83,-40.97,-1.418,27,-17.24,-0.521,16
rsi,XRP,4h,-36.70344302834315,-0.3705056667384541,32.89,0.754,26,29.8,0.724,24,3.18,0.316,12
bollinger_bands,XRP,4h,-36.70344302834315,-0.3705056667384541,4.69,0.466,42,-11.91,0.213,28,-13.43,-0.058,16
macd,XRP,4h,-36.70344302834315,-0.3705056667384541,-54.77,-0.704,187,-67.61,-1.601,111,-55.4,-1.653,55
mean_reversion,XRP,4h,-36.70344302834315,-0.3705056667384541,-70.63,-0.824,54,-56.01,-0.543,33,-62.86,-0.821,24
momentum,XRP,4h,-36.70344302834315,-0.3705056667384541,-41.57,-0.518,54,-28.89,-0.426,35,-50.27,-1.881,21
volume_weighted,XRP,4h,-36.70344302834315,-0.3705056667384541,-52.95,-0.369,22,-58.73,-0.535,16,-25.48,-0.324,10
triple_ema,XRP,4h,-36.70344302834315,-0.3705056667384541,-32.21,-0.307,64,-49.72,-1.544,34,-27.45,-0.998,12
rsi_macd_combo,XRP,4h,-36.70344302834315,-0.3705056667384541,-22.07,0.139,30,9.13,0.5,22,14.89,0.542,11
stoch_rsi,XRP,4h,-36.70344302834315,-0.3705056667384541,55.4,0.971,106,99.14,1.473,74,95.53,1.737,43
supertrend,XRP,4h,-36.70344302834315,-0.3705056667384541,0.0,0.0,0,0.0,0.0,0,0.0,0.0,0
ichimoku_cloud,XRP,4h,-36.70344302834315,-0.3705056667384541,-21.98,-0.096,29,10.94,0.455,12,2.93,0.253,6
pairs_spread,XRP,4h,-36.70344302834315,-0.3705056667384541,-56.5,-0.423,46,-54.08,-0.488,29,-62.17,-0.812,23
squeeze_momentum,XRP,4h,-36.70344302834315,-0.3705056667384541,-75.29,-1.137,21,-72.19,-1.267,11,-64.26,-0.989,6
atr_breakout,XRP,4h,-36.70344302834315,-0.3705056667384541,-64.55,-1.287,56,-72.28,-2.586,34,-49.9,-2.034,16
amd_ifvg,XRP,4h,-36.70344302834315,-0.3705056667384541,0.0,0.0,0,0.0,0.0,0,0.0,0.0,0
heikin_ashi_ema,XRP,4h,-36.70344302834315,-0.3705056667384541,-13.12,0.11,117,-54.05,-1.614,65,-27.28,-0.811,31
order_blocks,XRP,4h,-36.70344302834315,-0.3705056667384541,-16.7,0.04,35,-35.94,-0.67,20,-36.33,-1.442,11
vwap_reversion,XRP,4h,-36.70344302834315,-0.3705056667384541,-58.85,-0.621,315,-54.53,-0.766,204,-46.94,-0.834,116
chart_pattern,XRP,4h,-36.70344302834315,-0.3705056667384541,-38.75,-0.45,26,-19.53,-0.245,14,-25.0,-0.643,8
liquidity_sweeps,XRP,4h,-36.70344302834315,-0.3705056667384541,-43.06,-0.253,18,-21.89,0.019,11,-10.14,-0.125,5
parabolic_sar,XRP,4h,-36.70344302834315,-0.3705056667384541,19.43,0.604,174,7.9,0.424,117,14.43,0.516,61
range_scalper,XRP,4h,-36.70344302834315,-0.3705056667384541,0.0,0.0,0,0.0,0.0,0,0.0,0.0,0
sweep_squeeze_combo,XRP,4h,-36.70344302834315,-0.3705056667384541,-69.35,-0.95,3,-37.7,-0.417,1,0.0,0.0,0
adx_trend,XRP,4h,-36.70344302834315,-0.3705056667384541,18.92,0.594,25,18.92,0.594,25,33.44,0.835,13
donchian_breakout,XRP,4h,-36.70344302834315,-0.3705056667384541,-44.54,-0.625,51,-49.58,-1.359,27,-29.68,-1.01,14
tema_cross,XRP,4h,-36.70344302834315,-0.3705056667384541,32.12,0.77,56,-11.44,-0.097,31,1.86,0.192,3
sma_crossover,DOGE,4h,-47.203000369763885,-0.4377586807234994,23.24,0.649,52,39.99,0.916,20,70.58,1.537,10
ema_crossover,DOGE,4h,-47.203000369763885,-0.4377586807234994,-43.14,-0.36,76,9.98,0.444,32,16.32,0.578,14
rsi,DOGE,4h,-47.203000369763885,-0.4377586807234994,-26.16,0.116,13,-26.16,0.116,13,-31.94,-0.471,7
bollinger_bands,DOGE,4h,-47.203000369763885,-0.4377586807234994,35.58,0.783,41,47.41,0.918,30,-3.19,0.135,16
macd,DOGE,4h,-47.203000369763885,-0.4377586807234994,-56.25,-0.57,189,-23.44,-0.038,115,-32.09,-0.427,64
mean_reversion,DOGE,4h,-47.203000369763885,-0.4377586807234994,-26.91,0.225,58,-41.83,-0.156,36,8.06,0.4,27
momentum,DOGE,4h,-47.203000369763885,-0.4377586807234994,-68.04,-1.104,69,-50.54,-0.916,42,-52.0,-1.523,24
volume_weighted,DOGE,4h,-47.203000369763885,-0.4377586807234994,-16.66,0.165,40,4.87,0.372,20,-32.08,-0.588,12
triple_ema,DOGE,4h,-47.203000369763885,-0.4377586807234994,-12.93,0.168,56,-9.75,0.114,35,43.2,1.03,13
rsi_macd_combo,DOGE,4h,-47.203000369763885,-0.4377586807234994,-54.23,-0.239,24,-47.83,-0.198,16,-33.79,-0.535,8
stoch_rsi,DOGE,4h,-47.203000369763885,-0.4377586807234994,36.68,0.795,98,50.01,0.914,72,40.52,0.872,46
supertrend,DOGE,4h,-47.203000369763885,-0.4377586807234994,0.0,0.0,0,0.0,0.0,0,0.0,0.0,0
ichimoku_cloud,DOGE,4h,-47.203000369763885,-0.4377586807234994,123.86,1.536,21,98.93,1.479,14,48.24,1.137,8
pairs_spread,DOGE,4h,-47.203000369763885,-0.4377586807234994,0.05,0.519,42,-0.59,0.461,29,46.7,1.021,21
squeeze_momentum,DOGE,4h,-47.203000369763885,-0.4377586807234994,-35.34,-0.226,15,-32.35,-0.208,10,-10.91,-0.064,7
atr_breakout,DOGE,4h,-47.203000369763885,-0.4377586807234994,-58.25,-0.738,55,-37.23,-0.42,33,-2.24,0.119,13
amd_ifvg,DOGE,4h,-47.203000369763885,-0.4377586807234994,0.0,0.0,0,0.0,0.0,0,0.0,0.0,0
heikin_ashi_ema,DOGE,4h,-47.203000369763885,-0.4377586807234994,-44.65,-0.361,124,-33.65,-0.432,68,0.4,0.21,30
order_blocks,DOGE,4h,-47.203000369763885,-0.4377586807234994,-4.75,0.313,43,20.93,0.617,30,16.4,0.565,16
vwap_reversion,DOGE,4h,-47.203000369763885,-0.4377586807234994,-63.83,-0.506,325,-73.55,-1.156,208,-38.12,-0.458,122
chart_pattern,DOGE,4h,-47.203000369763885,-0.4377586807234994,60.31,1.002,17,12.47,0.491,8,7.57,0.395,3
liquidity_sweeps,DOGE,4h,-47.203000369763885,-0.4377586807234994,-43.5,-0.153,11,-53.81,-0.539,8,-42.97,-0.786,4
parabolic_sar,DOGE,4h,-47.203000369763885,-0.4377586807234994,59.94,0.969,172,82.81,1.208,110,-9.06,0.066,59
range_scalper,DOGE,4h,-47.203000369763885,-0.4377586807234994,0.0,0.0,0,0.0,0.0,0,0.0,0.0,0
sweep_squeeze_combo,DOGE,4h,-47.203000369763885,-0.4377586807234994,-68.72,-1.195,4,-64.47,-1.193,3,-62.01,-1.238,2
adx_trend,DOGE,4h,-47.203000369763885,-0.4377586807234994,-77.31,-1.294,29,-77.31,-1.294,29,-44.93,-0.433,14
donchian_breakout,DOGE,4h,-47.203000369763885,-0.4377586807234994,-63.74,-0.943,51,-54.39,-1.188,28,-16.05,-0.224,15
tema_cross,DOGE,4h,-47.203000369763885,-0.4377586807234994,88.94,1.306,34,-1.39,0.221,23,-26.67,-0.847,4
sma_crossover,ADA,4h,-64.69424731994565,-0.9890078402761391,-39.91,-0.328,60,-18.94,-0.187,26,1.04,0.192,11
ema_crossover,ADA,4h,-64.69424731994565,-0.9890078402761391,-52.57,-0.624,80,-56.12,-1.553,37,-37.36,-1.404,18
rsi,ADA,4h,-64.69424731994565,-0.9890078402761391,30.04,0.727,16,20.9,0.634,14,-30.21,-0.381,7
bollinger_bands,ADA,4h,-64.69424731994565,-0.9890078402761391,62.62,0.993,41,34.43,0.767,26,-1.09,0.218,16
macd,ADA,4h,-64.69424731994565,-0.9890078402761391,-65.58,-0.813,183,-68.94,-1.415,109,-53.33,-1.349,61
mean_reversion,ADA,4h,-64.69424731994565,-0.9890078402761391,-54.13,-0.421,61,-27.99,-0.097,33,4.59,0.315,22
momentum,ADA,4h,-64.69424731994565,-0.9890078402761391,-58.73,-0.791,67,-54.74,-1.138,38,-49.12,-1.436,24
volume_weighted,ADA,4h,-64.69424731994565,-0.9890078402761391,28.8,0.709,29,37.95,0.875,13,31.1,0.828,10
triple_ema,ADA,4h,-64.69424731994565,-0.9890078402761391,-31.75,-0.205,68,-33.14,-0.816,28,38.4,1.252,9
rsi_macd_combo,ADA,4h,-64.69424731994565,-0.9890078402761391,-18.18,0.148,22,5.74,0.446,19,-23.12,-0.217,9
stoch_rsi,ADA,4h,-64.69424731994565,-0.9890078402761391,-14.58,0.225,88,26.64,0.691,64,11.95,0.476,38
supertrend,ADA,4h,-64.69424731994565,-0.9890078402761391,0.0,0.0,0,0.0,0.0,0,0.0,0.0,0
ichimoku_cloud,ADA,4h,-64.69424731994565,-0.9890078402761391,-50.36,-0.594,22,9.78,0.436,12,31.3,0.868,7
pairs_spread,ADA,4h,-64.69424731994565,-0.9890078402761391,-35.67,-0.051,47,-29.27,-0.054,32,0.96,0.264,23
squeeze_momentum,ADA,4h,-64.69424731994565,-0.9890078402761391,-60.08,-0.814,10,0.94,0.204,4,14.64,0.604,3
atr_breakout,ADA,4h,-64.69424731994565,-0.9890078402761391,-56.69,-0.728,59,-49.85,-0.927,36,-26.39,-0.756,16
amd_ifvg,ADA,4h,-64.69424731994565,-0.9890078402761391,0.0,0.0,0,0.0,0.0,0,0.0,0.0,0
heikin_ashi_ema,ADA,4h,-64.69424731994565,-0.9890078402761391,-50.07,-0.486,128,-57.06,-1.484,61,-30.85,-1.007,29
order_blocks,ADA,4h,-64.69424731994565,-0.9890078402761391,-74.3,-1.25,47,-67.31,-1.497,27,-29.74,-0.855,12
vwap_reversion,ADA,4h,-64.69424731994565,-0.9890078402761391,-68.65,-0.707,345,-55.13,-0.653,207,-26.83,-0.216,124
chart_pattern,ADA,4h,-64.69424731994565,-0.9890078402761391,10.01,0.478,21,21.99,0.634,11,42.51,1.347,5
liquidity_sweeps,ADA,4h,-64.69424731994565,-0.9890078402761391,-44.12,-0.243,19,-17.32,0.02,11,-18.18,-0.356,4
parabolic_sar,ADA,4h,-64.69424731994565,-0.9890078402761391,-40.76,-0.197,184,4.97,0.394,114,24.58,0.714,56
range_scalper,ADA,4h,-64.69424731994565,-0.9890078402761391,0.0,0.0,0,0.0,0.0,0,0.0,0.0,0
sweep_squeeze_combo,ADA,4h,-64.69424731994565,-0.9890078402761391,-1.18,0.282,3,-24.44,-0.396,1,-24.44,-0.396,1
adx_trend,ADA,4h,-64.69424731994565,-0.9890078402761391,78.95,1.098,27,78.95,1.098,27,82.24,1.167,13
donchian_breakout,ADA,4h,-64.69424731994565,-0.9890078402761391,-37.01,-0.255,51,-23.45,-0.231,24,-20.29,-0.577,11
tema_cross,ADA,4h,-64.69424731994565,-0.9890078402761391,81.9,1.296,36,9.34,0.437,13,0.41,0.101,2
sma_crossover,AVAX,4h,-55.445891783567134,-0.6049042881848399,-11.49,0.224,52,-58.82,-1.686,22,-13.86,-0.287,11
ema_crossover,AVAX,4h,-55.445891783567134,-0.6049042881848399,-74.14,-1.377,88,-72.25,-2.685,33,-47.38,-1.688,21
rsi,AVAX,4h,-55.445891783567134,-0.6049042881848399,-4.07,0.404,17,5.68,0.495,14,-19.29,-0.101,6
bollinger_bands,AVAX,4h,-55.445891783567134,-0.6049042881848399,-21.97,0.149,44,29.7,0.727,29,-9.67,0.061,17
macd,AVAX,4h,-55.445891783567134,-0.6049042881848399,-66.6,-0.781,189,-51.81,-0.742,104,-38.26,-0.699,53
mean_reversion,AVAX,4h,-55.445891783567134,-0.6049042881848399,-35.22,-0.011,69,-26.36,-0.037,40,-32.7,-0.435,25
momentum,AVAX,4h,-55.445891783567134,-0.6049042881848399,-69.55,-1.025,74,-52.86,-0.948,41,-36.82,-0.856,26
volume_weighted,AVAX,4h,-55.445891783567134,-0.6049042881848399,-33.2,-0.148,50,-21.33,-0.223,24,-18.0,-0.429,9
triple_ema,AVAX,4h,-55.445891783567134,-0.6049042881848399,-72.11,-1.368,78,-67.38,-2.347,29,-36.45,-1.088,17
rsi_macd_combo,AVAX,4h,-55.445891783567134,-0.6049042881848399,-48.41,-0.306,26,-23.4,-0.061,17,-42.7,-0.809,8
stoch_rsi,AVAX,4h,-55.445891783567134,-0.6049042881848399,98.72,1.227,90,95.8,1.302,55,14.73,0.526,26
supertrend,AVAX,4h,-55.445891783567134,-0.6049042881848399,0.0,0.0,0,0.0,0.0,0,0.0,0.0,0
ichimoku_cloud,AVAX,4h,-55.445891783567134,-0.6049042881848399,-22.78,0.011,23,-42.08,-0.707,12,24.31,0.832,4
pairs_spread,AVAX,4h,-55.445891783567134,-0.6049042881848399,-27.5,0.127,45,-34.63,-0.051,29,-48.48,-0.625,21
squeeze_momentum,AVAX,4h,-55.445891783567134,-0.6049042881848399,57.2,1.04,10,22.34,0.782,2,-2.9,0.031,1
atr_breakout,AVAX,4h,-55.445891783567134,-0.6049042881848399,-13.99,0.218,75,-58.31,-1.218,47,-55.1,-1.822,27
amd_ifvg,AVAX,4h,-55.445891783567134,-0.6049042881848399,0.0,0.0,0,0.0,0.0,0,0.0,0.0,0
heikin_ashi_ema,AVAX,4h,-55.445891783567134,-0.6049042881848399,-45.71,-0.337,126,-45.7,-0.79,60,-36.38,-0.994,26
order_blocks,AVAX,4h,-55.445891783567134,-0.6049042881848399,-25.85,0.031,53,-44.63,-0.823,28,-37.11,-0.98,13
vwap_reversion,AVAX,4h,-55.445891783567134,-0.6049042881848399,81.36,1.098,352,129.25,1.452,210,29.08,0.727,109
chart_pattern,AVAX,4h,-55.445891783567134,-0.6049042881848399,-62.43,-0.938,21,-24.11,-0.27,12,16.47,0.566,8
liquidity_sweeps,AVAX,4h,-55.445891783567134,-0.6049042881848399,-62.66,-0.618,17,-58.16,-0.675,12,-45.51,-0.777,6
parabolic_sar,AVAX,4h,-55.445891783567134,-0.6049042881848399,68.23,1.024,168,21.83,0.629,103,38.84,0.887,53
range_scalper,AVAX,4h,-55.445891783567134,-0.6049042881848399,0.0,0.0,0,0.0,0.0,0,0.0,0.0,0
sweep_squeeze_combo,AVAX,4h,-55.445891783567134,-0.6049042881848399,73.5,1.236,5,66.91,1.736,2,0.0,0.0,0
adx_trend,AVAX,4h,-55.445891783567134,-0.6049042881848399,-41.36,-0.22,22,-41.36,-0.22,22,-7.2,0.183,11
donchian_breakout,AVAX,4h,-55.445891783567134,-0.6049042881848399,-64.32,-0.928,53,-46.71,-0.806,25,-4.06,0.117,14
tema_cross,AVAX,4h,-55.445891783567134,-0.6049042881848399,31.51,0.741,48,-0.78,0.238,21,-8.56,-0.281,4
sma_crossover,LINK,4h,-32.42424242424241,-0.13642856472417295,10.64,0.499,50,7.55,0.411,26,15.05,0.561,12
ema_crossover,LINK,4h,-32.42424242424241,-0.13642856472417295,-63.17,-0.875,90,-47.57,-1.037,35,-39.61,-1.514,16
rsi,LINK,4h,-32.42424242424241,-0.13642856472417295,14.89,0.586,14,-12.49,0.247,11,-24.24,-0.299,4
bollinger_bands,LINK,4h,-32.42424242424241,-0.13642856472417295,-8.45,0.433,40,-29.31,0.099,24,-53.22,-0.489,13
macd,LINK,4h,-32.42424242424241,-0.13642856472417295,-40.03,-0.164,173,-15.13,0.084,96,-8.59,0.043,46
mean_reversion,LINK,4h,-32.42424242424241,-0.13642856472417295,-29.92,0.203,63,-54.41,-0.305,37,-44.46,-0.234,22
momentum,LINK,4h,-32.42424242424241,-0.13642856472417295,-41.07,-0.304,63,-34.89,-0.442,39,-19.41,-0.322,23
volume_weighted,LINK,4h,-32.42424242424241,-0.13642856472417295,-46.09,-0.272,29,-63.09,-1.05,13,11.17,0.581,5
triple_ema,LINK,4h,-32.42424242424241,-0.13642856472417295,-66.42,-1.07,86,-39.23,-0.659,40,-21.2,-0.496,17
rsi_macd_combo,LINK,4h,-32.42424242424241,-0.13642856472417295,-49.11,-0.321,24,-55.77,-0.637,19,-6.47,0.069,10
stoch_rsi,LINK,4h,-32.42424242424241,-0.13642856472417295,115.65,1.352,96,36.08,0.79,62,-6.15,0.157,34
supertrend,LINK,4h,-32.42424242424241,-0.13642856472417295,0.0,0.0,0,0.0,0.0,0,0.0,0.0,0
ichimoku_cloud,LINK,4h,-32.42424242424241,-0.13642856472417295,-96.24,0.777,25,-39.78,-0.741,13,-4.0,0.059,7
pairs_spread,LINK,4h,-32.42424242424241,-0.13642856472417295,-5.48,0.488,41,-40.58,0.008,28,-38.08,-0.13,18
squeeze_momentum,LINK,4h,-32.42424242424241,-0.13642856472417295,4.66,0.416,15,-29.98,-0.629,7,20.59,0.815,4
atr_breakout,LINK,4h,-32.42424242424241,-0.13642856472417295,15.64,0.578,60,19.82,0.599,32,7.13,0.37,15
amd_ifvg,LINK,4h,-32.42424242424241,-0.13642856472417295,0.0,0.0,0,0.0,0.0,0,0.0,0.0,0
heikin_ashi_ema,LINK,4h,-32.42424242424241,-0.13642856472417295,-90.95,-2.472,149,-64.07,-1.267,77,-48.61,-1.353,38
order_blocks,LINK,4h,-32.42424242424241,-0.13642856472417295,47.35,0.883,39,-23.37,-0.236,18,-17.22,-0.641,5
vwap_reversion,LINK,4h,-32.42424242424241,-0.13642856472417295,-65.89,-0.601,354,-69.33,-1.097,209,-37.95,-0.526,121
chart_pattern,LINK,4h,-32.42424242424241,-0.13642856472417295,-9.44,0.223,21,-36.67,-0.75,10,-12.4,-0.281,5
liquidity_sweeps,LINK,4h,-32.42424242424241,-0.13642856472417295,4.78,0.506,22,-11.91,0.189,12,-13.56,-0.08,6
parabolic_sar,LINK,4h,-32.42424242424241,-0.13642856472417295,-16.49,0.231,172,-30.37,-0.174,110,-27.45,-0.506,48
range_scalper,LINK,4h,-32.42424242424241,-0.13642856472417295,0.0,0.0,0,0.0,0.0,0,0.0,0.0,0
sweep_squeeze_combo,LINK,4h,-32.42424242424241,-0.13642856472417295,33.37,-0.2,2,33.37,-0.2,2,0.94,0.16,1
adx_trend,LINK,4h,-32.42424242424241,-0.13642856472417295,-47.13,-0.335,23,-47.13,-0.335,23,-19.82,0.012,12
donchian_breakout,LINK,4h,-32.42424242424241,-0.13642856472417295,-60.03,-0.867,55,-48.42,-0.956,26,3.57,0.283,12
tema_cross,LINK,4h,-32.42424242424241,-0.13642856472417295,-71.06,-1.193,78,-48.8,-0.85,33,1.76,0.206,7
