strategy,asset,direction,combos,shp_def,shp_wfo,shp_rnd,tot_def,tot_wfo,tot_rnd,is_shp
sma_crossover,BTC,long,16,0.5938922210433721,0.5635360272557449,0.6016704206609921,65.20620841114358,61.513448899974854,66.80266968981654,2.2925271072132944
sma_crossover,BTC,short,16,-0.9788540862378375,-1.11168203617984,-0.4350621261300856,-65.99472445525036,-68.32227906671449,-42.934517143271286,0.5280910554659034
sma_crossover,ETH,long,16,0.12398600465048176,0.44137247254387385,-0.07442009258173451,-15.626322569382067,40.06585750895542,-39.521929718414825,1.9836715831604046
sma_crossover,ETH,short,16,-0.7376961209030475,-0.5969728795895419,-0.7757535896519655,-68.00223345119221,-60.8834620599376,-71.53254363437078,1.1371155792375802
sma_crossover,SOL,long,16,0.9693018665300495,1.0218688167599916,0.9971931400957003,343.4780501277992,388.070119719907,369.5747136762274,2.210128266234457
sma_crossover,SOL,short,16,-0.2963262801595483,-0.41703224603781724,-0.1489415849697597,-61.80181018867299,-68.16547048730806,-49.46413276650268,1.1202764281899305
sma_crossover,XRP,long,16,0.6983849317994199,0.6164967237799656,0.5196469820649711,126.2925740592629,92.62005207521027,56.743956338595105,1.657832610985146
sma_crossover,XRP,short,16,-0.47521657511782844,-0.5610762576987236,-0.5546410632910966,-53.43613302617426,-56.98885475404012,-55.43986997960011,1.3036982185402797
sma_crossover,DOGE,long,16,0.6301643928766684,0.5434799796844355,0.4327468288578263,153.15195427991216,97.37893250305818,35.610642559903006,1.5015196610138775
sma_crossover,DOGE,short,16,-0.032904914928550764,-0.23277599796165982,-0.09820070812794951,-39.265369630472705,-55.5014673477805,-43.22737382681563,1.2409480550486875
sma_crossover,ADA,long,16,0.18799734809707738,0.3425969357133697,0.2467161393747978,-20.539692699167635,8.892612246983456,-8.758607624989711,1.1190611004218556
sma_crossover,ADA,short,16,-0.332956825629411,-0.2738565288329643,-0.44285902344532596,-68.81087650698127,-64.92396582532713,-76.08708729856014,0.935606545886074
sma_crossover,AVAX,long,16,0.44454624570103546,0.33770914697516397,0.25224379560330124,35.38066291517248,2.011115196514446,-20.69517824897915,1.4132864649795702
sma_crossover,AVAX,short,16,0.13249188440210544,0.06298257255446302,-0.05077829958490944,-24.028587252169242,-35.99793982621539,-47.97870019447619,1.5125544665404498
sma_crossover,LINK,long,16,0.4943476891659401,0.4504257135735296,0.2466299828677502,54.61301906904521,41.5328698356191,-2.7175037738706775,1.6659215883810825
sma_crossover,LINK,short,16,-0.370125384386037,-0.3756042848370435,-0.6614323654078021,-66.67613152382599,-65.33247959313269,-79.40617161644548,1.0408725656793294
ema_crossover,BTC,long,16,0.5006496966732211,0.6490627783030711,0.5976273798146162,49.084066031620054,78.10734895578544,67.85590742157058,1.7850453260597818
ema_crossover,BTC,short,16,-1.1215215785882346,-1.0727820307973395,-0.944105329151769,-68.78750069248973,-68.3756550132466,-64.65216319896385,0.07399269551931197
ema_crossover,ETH,long,16,0.008385605280447628,0.04383846737766814,-0.16007703976331278,-32.1693021257078,-27.447569916865778,-49.52802181105368,1.0161110006243261
ema_crossover,ETH,short,16,-0.8446341721869861,-0.9077570776996429,-0.5201299262793663,-74.99224508835624,-77.79479862617238,-61.388437316358704,0.12621165977484036
ema_crossover,SOL,long,16,0.8381090392998807,0.6973269054989377,0.7518939683910308,238.60513364032477,143.07842847980848,174.61745431722315,1.4910025827624012
ema_crossover,SOL,short,16,-0.4275285043861505,-0.7581648634921943,-0.5047950831523289,-70.18210318055777,-83.05404760726319,-74.44834440546045,0.33298539353834095
ema_crossover,XRP,long,16,0.5693507658033485,0.5556193502059804,0.503759554680373,74.81391175338842,69.59381943584533,52.45306960789753,1.0945746405978476
ema_crossover,XRP,short,16,-0.7087726407910659,-0.7050830801290032,-0.6082714223717095,-64.61977725294524,-59.93325384387029,-55.11912358330231,0.702579423768193
ema_crossover,DOGE,long,16,0.5810370674202444,0.6184720333395303,0.5363899320162178,119.33385779946204,157.6117575681141,90.44445674406644,0.8407811028385657
ema_crossover,DOGE,short,16,-0.12291650055285724,-0.20746727788019007,-0.28777489085272734,-44.871347987009244,-51.53717986882141,-58.86301843685153,0.6550420638603607
ema_crossover,ADA,long,16,0.2324509045127292,0.34640942308531963,0.2622370889577014,-15.219441508361765,8.479666894837191,-9.449768374204059,0.8247267283011704
ema_crossover,ADA,short,16,-0.36183719314077967,-0.23651951455797612,-0.4913541855375986,-65.9467180011569,-54.96420824846652,-75.55396428852137,0.5844334691866307
ema_crossover,AVAX,long,16,0.30270035842730947,0.3137759571541081,0.31775908412950277,-5.025239689062621,-3.446666744911564,-2.0072105694901254,0.8289901669648385
ema_crossover,AVAX,short,16,-0.056731451497617026,0.004835039185542514,-0.07723479593102105,-51.218173950712576,-44.86093174723713,-51.048378101027446,0.9113588169744786
ema_crossover,LINK,long,16,0.17944917916493028,-0.07469528241901413,0.15204226875404847,-21.42977127486062,-53.964209736690904,-24.895219301111236,0.8969919721155242
ema_crossover,LINK,short,16,-0.7664643259002869,-0.994272239243649,-0.49360198513379044,-83.05770892239647,-89.29628892682656,-74.71514484403576,0.28205693136923815
rsi,BTC,long,27,1.0022534489367099,0.3546491539452914,0.5862073664391757,125.95340787263818,21.9356264221275,55.15024642348627,4.55847163927664
rsi,BTC,short,27,-0.4293875467072142,-1.0270371235250007,-1.4749510874350515,-51.19898040993214,-77.20513120963074,-86.5374705281456,2.7496384554226525
rsi,ETH,long,27,0.25880753658009253,-0.22363477540751933,0.12735990130323835,4.430589038435118,-40.87609185157515,-11.62406011771141,4.421982659044595
rsi,ETH,short,27,-0.3551165965430463,-0.6749000195037996,-0.04562276702204793,-54.27484872728695,-73.06490055057873,-33.000008661732394,3.469058643701932
rsi,SOL,long,27,0.27994602837572896,-0.4006953404528144,0.06361313092737675,4.297918318974592,-69.93715993252772,-35.73588314297174,3.966335971546472
rsi,SOL,short,27,-0.7627954664256201,-1.084070336206663,-1.105504189302003,-91.53065754667332,-94.07277528015547,-95.64287909633497,2.873640011721449
rsi,XRP,long,27,0.5774794563859018,0.9098025037475612,0.563756070760619,50.023927285601985,115.67748428017252,51.83527924663449,3.892160966975535
rsi,XRP,short,27,-0.42122706811102395,-0.15980956583829922,-0.04705132482935017,-73.39924936348727,-58.208245594468536,-50.59569930590582,3.403029075494907
rsi,DOGE,long,27,0.19576112892921968,0.16107022758928213,0.10862395322531493,-10.273196484643277,-12.769253505205713,-22.326514294033363,3.857659024917907
rsi,DOGE,short,27,-0.31600805439548907,-0.11967765983463934,-0.31690735419598576,-83.55430470932879,-73.87084975503184,-84.67398201027423,3.4369145842415354
rsi,ADA,long,27,0.08854899046994241,-0.16385359208425748,0.014467290646973394,-27.685511884266813,-51.40078998676223,-39.89943916284662,3.492558406442647
rsi,ADA,short,27,-0.16518886147760728,-0.5596433624292242,-0.19163731202124806,-65.39925785046867,-84.30604841704432,-71.32775863461403,3.263976241896786
rsi,AVAX,long,27,-0.1010571127006282,-0.3367979969747512,-0.25550811945198343,-54.09584183581151,-66.33204978101519,-68.47715209284809,3.5655162162977065
rsi,AVAX,short,27,-0.23458009168885902,-0.41529854873843064,-0.1354697191945685,-76.2022255832565,-82.4621377310182,-72.75595315589274,3.6258491493772977
rsi,LINK,long,27,0.5829630754128181,0.5249199070273074,0.6410302108330075,74.51380516473824,57.92940258300536,98.42071968478893,4.117500341887603
rsi,LINK,short,27,-0.2269854264385708,-0.46850322266751915,-0.1441321509678873,-65.13785882268351,-74.93554883499026,-62.65845242561947,3.3779588922823276
bollinger_bands,BTC,long,12,0.7921883878870898,1.0035020077186045,0.5202397649067133,83.83631096186176,130.57177132081426,40.830171614569544,3.6884861146700834
bollinger_bands,BTC,short,12,-0.6205413849755776,-0.544725130357431,-0.698664277304336,-61.043190994924636,-55.64163394200592,-63.902029550580394,2.1000105632254904
bollinger_bands,ETH,long,12,0.412980828912028,0.6868553141442062,1.1454375239889694,32.916285656062946,88.86979531154226,246.7135616747536,3.485324593441325
bollinger_bands,ETH,short,12,-0.1605278851238127,0.3970232646305192,0.28979149714009295,-44.129309297201004,28.532468312508886,9.730031493407765,2.7941398193181906
bollinger_bands,SOL,long,12,0.5582983838925701,0.5088184151057265,0.45907748881876786,66.80862595302841,54.16197381792615,39.85903818395757,3.539568882056908
bollinger_bands,SOL,short,12,-0.610400736165518,-0.8784028813861244,-0.9250398378006892,-85.1864122740138,-91.88714912954569,-92.72506922635606,2.2617901834377934
bollinger_bands,XRP,long,12,0.403167342600119,0.8815052438988882,0.10447298995520068,26.152567645749336,142.86469275480437,-8.091861986125014,2.8534096665458355
bollinger_bands,XRP,short,12,-0.4286896171387923,-0.22561819610708275,-0.31245368277365476,-74.55635887303357,-61.27041391967632,-66.05911329391618,2.6383741105798624
bollinger_bands,DOGE,long,12,-0.04820615031981907,-0.2750828266055788,-0.21034338886929113,-37.34274255325703,-59.67643452164576,-56.838113064412724,3.0972164945082077
bollinger_bands,DOGE,short,12,-0.42421433551571724,-0.3772242983082929,-0.3447455626406628,-87.91583885990211,-86.48513760693702,-85.73518010696677,2.8953098186406345
bollinger_bands,ADA,long,12,0.18639386071960262,0.2503381942994157,0.45101796993578,-14.336736448448894,0.45557270555720564,39.52751347817962,2.8346590569978978
bollinger_bands,ADA,short,12,-0.04344258324636305,0.06185567245628829,-0.2874783702423111,-56.167200826137375,-47.25265940841279,-70.12730088840152,2.889289599960554
bollinger_bands,AVAX,long,12,-0.21308701801753185,0.13120568778754974,-0.3683441215648969,-61.7921729611687,-24.14299282416945,-72.87881184463821,2.569163042238768
bollinger_bands,AVAX,short,12,-0.31475420251418673,-0.06304370261793882,-0.5047574739623131,-78.94369429100595,-66.76024881726057,-85.4059561112263,2.634131459115221
bollinger_bands,LINK,long,12,0.38332130229760986,-0.1379606827168213,0.216883590787298,26.183098426847053,-45.98036555682806,-5.8048456004436755,3.1885433710805233
bollinger_bands,LINK,short,12,-0.32556397731283343,-0.5338276651289068,-0.3430670905342851,-74.04474317397917,-81.85724459541495,-74.47026959513168,2.42369445932302
macd,BTC,long,27,0.4402604978019454,0.6464381572234523,0.5135947158186408,36.953856680974305,74.19038552577062,49.79700860172562,2.3661069184161008
macd,BTC,short,27,-1.0624406835701297,-0.8534801470078064,-0.8456743893408578,-71.58630530358892,-65.72688182393578,-64.30172011770269,0.49358856100147497
macd,ETH,long,27,0.5029853525615333,0.1385551492571289,0.43627422370415164,55.34304878952392,-10.06319208932409,40.00288746718312,2.0502824700507247
macd,ETH,short,27,-0.1480863436926423,-0.5697575546190459,-0.38528560282027,-40.1734710933925,-64.60208400815198,-56.50422539818012,1.0766552234415028
macd,SOL,long,27,0.550526010806001,0.6502902986646819,0.9625052914402662,68.78362334020464,107.67640718382316,288.0528227194595,2.326496706494386
macd,SOL,short,27,-0.7476122940068036,-0.5977410477863095,-0.4764287641614255,-84.35189312771232,-79.35308085141725,-73.2319713658282,1.138344835495015
macd,XRP,long,27,0.2938212612028771,0.5162377357021216,0.36590326083407837,3.4239430387024816,53.507363473387535,19.453066234986682,1.3169404146719326
macd,XRP,short,27,-1.1069080763848207,-0.8556898599961376,-1.1264791091439457,-80.04837091689114,-73.10401943046459,-81.66116574770845,0.8296158016520374
macd,DOGE,long,27,0.3549502038977614,0.46945592716393864,0.40598853262202367,-4.847307236211873,43.53277479623101,16.19351278547527,1.1720619317311278
macd,DOGE,short,27,-0.5282287665303863,-0.20585689544118924,-0.468332583232598,-76.91192148848488,-57.64527079533268,-71.21002017169975,0.9734803771430806
macd,ADA,long,27,0.2626382850634909,0.06963996594176644,0.20584063668980104,-5.334770088144946,-37.82657517716645,-19.599965517420703,1.3901031131962702
macd,ADA,short,27,-0.260082217668335,-0.49541282395197295,-0.31114025359082936,-57.08792869440427,-72.77457402681713,-61.25876258058711,1.1592525816567334
macd,AVAX,long,27,0.15879718811332894,-0.011203486510270862,0.33726095185840504,-28.902440151115382,-46.047858240237495,4.760570342820936,1.4106816026582378
macd,AVAX,short,27,-0.1859412676004083,-0.2494648119035483,-0.11819161731164113,-61.86574493828852,-69.8781148389129,-56.74267304824561,1.4095619240742656
macd,LINK,long,27,0.17536886109604705,0.22185510406075565,0.16970809882207888,-20.395443541633362,-11.957216047600273,-20.520459622894215,1.6426679427394995
macd,LINK,short,27,-0.8239173546502819,-0.7023755779141458,-0.5604117575909223,-82.87986007552102,-81.70803416208311,-74.57614204994938,0.8968946963539556
mean_reversion,BTC,long,36,0.30215035523074935,0.21675725685007044,0.40610689084528895,16.676893217748834,6.861078560010347,30.725171233422177,4.124395591527189
mean_reversion,BTC,short,36,-1.1321942565901713,-0.9699828303665174,-1.2375124446543107,-75.1734551156145,-68.88865940263264,-75.2296084594143,2.605475340556701
mean_reversion,ETH,long,36,-0.12517835031599425,0.7447460648721136,0.30638730191197416,-30.647666795171546,126.13768279170765,15.832073864207285,3.946470213057778
mean_reversion,ETH,short,36,-0.5672875774836708,-0.20611464109633462,-0.7183905551303308,-73.31595174822998,-45.80241407463747,-79.43082441042104,3.2596657113928065
mean_reversion,SOL,long,36,-0.43408885021908816,0.5117482704093189,0.6882593722886219,-65.59977197638386,57.098972338097866,122.87929630006897,3.8870643124609607
mean_reversion,SOL,short,36,-1.2993501811679922,-0.36660473032783014,-0.8879140848049988,-97.20245390095559,-67.84511659798198,-92.15147804789603,3.3630447525095954
mean_reversion,XRP,long,36,-0.49532885484771927,0.44981232083228706,-0.38195395428506973,-43.563875390863195,42.635850373195574,-37.88884018100085,3.362616093038769
mean_reversion,XRP,short,36,-0.8780144027673309,-0.9729257366189962,-0.7231516923087893,-89.85088232676371,-81.64998805291462,-85.59448438899705,3.4298680587918366
mean_reversion,DOGE,long,36,0.33947026064245545,0.06154246154218719,0.6236109136993094,13.13259322490934,-54.89699810807404,145.70720172349561,3.4492994974758493
mean_reversion,DOGE,short,36,-0.26523390760877835,-0.38223982783512606,-0.9091159471814491,-75.2195335337714,-72.33721967856866,-94.18724440397207,3.595140664300453
mean_reversion,ADA,long,36,0.16430754731848882,-0.4389590645386231,0.05585425154012991,-26.425701255958266,-73.08223286191031,-37.330223119717466,3.09489191228032
mean_reversion,ADA,short,36,-0.24847105416622495,-0.2733786511055963,-0.048378157885338,-65.11132984885593,-66.38075064275068,-48.65676761045612,3.6627210516625155
mean_reversion,AVAX,long,36,-0.3067008687099366,-0.0058975170899946095,-0.3649246028843732,-70.21563558429177,-61.229740656232345,-76.51120665293642,2.9730883653225906
mean_reversion,AVAX,short,36,-0.4703595792119865,-0.7518872301340094,-0.38513873996029846,-84.10962273891272,-88.72697419167872,-83.77771873493568,3.4453949053647936
mean_reversion,LINK,long,36,0.1980793994023964,0.5049247940166779,0.21376393428652965,-10.225079579506835,54.529884339103376,-6.027025868679026,3.905228153157983
mean_reversion,LINK,short,36,-0.5296849309341876,-0.31838014256126423,-0.48838989193209786,-81.03605183231956,-69.83876701822918,-77.5314457130338,3.244974653657413
momentum,BTC,long,16,0.8253061414632596,0.6388130726193776,0.5977940712968525,138.83295384386577,78.23877203056806,73.21423628832939,2.7361911889171435
momentum,BTC,short,16,-0.5708197608203301,-0.6213269982427491,-0.6585168122014421,-46.32632492017778,-52.68961581344952,-54.40543599275161,0.9433528088665044
momentum,ETH,long,16,0.1597305744734711,0.45856088305877085,0.19243600478106404,-12.275184243274662,43.97583997861292,-8.727910049802778,2.215640575792845
momentum,ETH,short,16,-0.6702838267499458,-0.10824664869025045,-0.6012802568872659,-65.14429217794577,-33.52272755265256,-64.44742328826399,1.3201217871090585
momentum,SOL,long,16,0.6823898337329147,0.6563318872854035,0.693561055371756,134.7502701672636,120.7296639785155,145.24081702179183,2.4259967746331865
momentum,SOL,short,16,-0.6704948763772731,-0.6410244934049816,-0.3652822062461741,-78.26045309886864,-80.3973195976718,-66.44405047149822,1.5419628133011671
momentum,XRP,long,16,0.6956655967377101,0.38405595426589983,1.1095872981476402,124.54576582710581,17.851924208868454,403.1751611952765,2.1604104060814318
momentum,XRP,short,16,-0.5289979246479066,-1.1811029503211938,-0.2921708987441292,-51.7227847842354,-80.07077682209392,-41.20871620093821,1.7028513705178396
momentum,DOGE,long,16,0.3890260902716911,0.45132271545068936,0.30093321876470924,8.21037591766849,32.7250933058935,-25.743103857263705,1.9008422922351658
momentum,DOGE,short,16,-0.5821807988855444,-0.36147505149802167,-0.1184177601054254,-73.66672850610334,-60.545919447953246,-43.94878041555439,1.8057827571869551
momentum,ADA,long,16,0.30440251106324245,0.32761713930114866,0.22397834160546776,0.4628672633629094,5.09225045243038,-15.465310503313956,1.9220827948859927
momentum,ADA,short,16,-0.24486897407294977,-0.10356863456827278,0.06679838873144503,-53.64886213396517,-39.902448213906396,-24.8095011131933,1.814014354492276
momentum,AVAX,long,16,0.2598813245878826,0.3497470497182992,0.5875495922224856,-16.002987600861086,3.471602988485256,94.0019169639659,2.0518619515988883
momentum,AVAX,short,16,-0.10817886703025743,0.3383371857953235,0.37948569796980475,-53.401281798533006,11.369898603844453,18.610064770636114,2.1325317843670364
momentum,LINK,long,16,0.08327736245864426,-0.039512688751706805,-0.23685885681707097,-30.994077050952473,-43.929913344352386,-68.96974731801365,2.1259347943617
momentum,LINK,short,16,-0.9120804697053114,-0.9442383557269306,-0.3636310540303459,-84.39086420000882,-86.58200184237394,-61.976097769864054,1.4324808943862513
volume_weighted,BTC,long,9,0.5480596840863659,0.1812076410316989,0.312064721003725,45.68198309958211,2.9358249876947573,18.69340809105737,2.3932753608675394
volume_weighted,BTC,short,9,-0.7505173813906221,-1.0678454738183638,-0.7504876915051076,-72.72695746946658,-76.63467359273625,-70.16937151578513,0.5965949009867946
volume_weighted,ETH,long,9,0.6963863324002604,0.5146035727013646,0.8594867461916172,109.63006906593411,55.675953935759125,185.37176124401836,2.678799502513316
volume_weighted,ETH,short,9,0.010885615956888105,0.37060180473165977,0.17511690575137157,-25.529391224036967,25.82849392292097,-4.725351940561417,1.6709686257786984
volume_weighted,SOL,long,9,0.9376912589809303,0.515996275235262,1.0130221808514783,293.4172576369964,62.07157941221584,351.78033460450354,2.2740747802005092
volume_weighted,SOL,short,9,-0.3533965011070738,-0.748948189809172,-0.22338274025585325,-74.76320423829137,-86.93933022933302,-67.30727176164211,1.0679119463794333
volume_weighted,XRP,long,9,0.538646897532914,0.5749548865810056,0.02437133516092935,65.15040936074308,76.29838424332802,-36.42933619311992,1.6305042624694799
volume_weighted,XRP,short,9,-0.603694991587666,-1.1079880242541666,-0.8315673486433438,-60.07075747974452,-78.6645961938286,-74.46684335422195,1.1785880441115808
volume_weighted,DOGE,long,9,0.32000394819141004,0.32645994748221757,0.2866966568457705,-2.027497964178737,-1.5101499606170687,-14.495061434296641,1.6527161352381976
volume_weighted,DOGE,short,9,-0.3871803586495331,-0.3458440623793094,-0.5249148259613761,-79.04216150441074,-60.793127659136424,-83.67446234104274,1.4928126584037968
volume_weighted,ADA,long,9,-0.04309915652422704,0.31194002045623603,-0.06496622930101503,-55.9993921291964,-2.8927592589062634,-46.45157443657082,1.5107337579598585
volume_weighted,ADA,short,9,-0.6414774784084943,-0.32684872033755924,-0.6914325016748362,-79.94457220945088,-59.005516087181455,-84.5710517089186,1.412355087717022
volume_weighted,AVAX,long,9,-0.027147811156466597,0.2819394054421277,0.09907960426016123,-42.6037655309453,-11.98727713773261,-32.28124904641938,2.056342400691725
volume_weighted,AVAX,short,9,-0.19998080468946092,-0.1288396319412864,0.47943740504722104,-77.33420642603897,-64.75202260446567,40.444254206895216,1.9291035628950328
volume_weighted,LINK,long,9,0.9847304388861634,0.7261167482262643,0.5691410870146865,287.42762868457226,143.162386320195,78.53515643907602,2.190775741444254
volume_weighted,LINK,short,9,0.19878226330008092,-0.08818314529179902,-0.1191046761608026,-17.659799709695157,-52.58737730487319,-52.53474043886541,1.5733687981005529
triple_ema,BTC,long,27,0.6944181708491504,0.7078397768338575,0.656691679072758,80.15528130635916,89.76982878695168,75.09987801071192,1.850261264211362
triple_ema,BTC,short,27,-0.8626594778401041,-0.7653495113747927,-0.6111091560619495,-65.04259280119646,-61.24974492356602,-54.32461681505809,-0.046913628446045595
triple_ema,ETH,long,27,0.33168085533100083,0.56447362112013,0.31611579537651197,20.380029079887763,68.0946618999831,17.55464170408858,1.411876584146154
triple_ema,ETH,short,27,-0.40332907603954676,-0.38322319414083517,-0.5461966105799371,-61.1438467039781,-59.65466177944951,-67.29134783024429,0.47318252463680005
triple_ema,SOL,long,27,0.9197775764514858,0.6754218449385044,0.8242694630857509,273.58612177016624,130.55127121474692,210.64465106825648,1.6066723011692767
triple_ema,SOL,short,27,-0.44943992451350556,-0.5578564460860604,-0.3093995578985379,-74.48608417350411,-80.46497888343151,-66.23171707965754,0.3094081773562082
triple_ema,XRP,long,27,0.3002743432150907,0.15699041844451447,0.699324258730354,3.9742826600251524,-22.06683482012596,126.04279060197516,0.6737983194891329
triple_ema,XRP,short,27,-1.0938328710211869,-1.2156734432303937,-1.1460700307662806,-81.79328313322797,-86.64266583862357,-84.56986983155336,0.4535083385480404
triple_ema,DOGE,long,27,0.6796449695552342,0.6844076922835454,0.6563219278355815,227.5536435453508,230.3830361474751,198.9687906828581,0.7731981301402447
triple_ema,DOGE,short,27,0.014174045743482364,-0.005089358095482158,-0.06149021150350063,-33.239138220904884,-37.01691566880727,-46.579439973823696,0.7108332056446833
triple_ema,ADA,long,27,0.2715384183155818,0.2294167301634819,0.2752896120139074,-2.3158619583498075,-10.721244087772286,0.7274217105861069,0.5360614638725583
triple_ema,ADA,short,27,-0.2516303309578426,-0.2835358007841649,-0.2767748696506466,-68.9340321580114,-70.49620842846603,-68.66573832604637,0.572420771464666
triple_ema,AVAX,long,27,0.3165223739883818,0.3490295741316809,0.501826444823464,7.018398101218759,15.180786660476642,66.38233775838663,0.8221006897684514
triple_ema,AVAX,short,27,-0.022879085553171172,0.18993951666328615,-0.09521448059175146,-56.70412221157879,-27.40958638979867,-63.64895751127274,0.875300445665059
triple_ema,LINK,long,27,-0.18596841617642196,-0.386205936750248,-0.11655912943886602,-55.14380148970422,-68.05034136201155,-51.34215871773008,0.643592997366697
triple_ema,LINK,short,27,-0.9640117634412412,-1.0956323357345819,-0.6757695466541794,-92.3899406509098,-94.62784462628738,-85.6668575335824,0.05388985576640647
tema_cross,BTC,long,27,0.08117991992332659,0.5433588635145868,0.26508167422433243,-1.848540937025478,43.69076253998636,12.730993322706553,1.7982670664110485
tema_cross,BTC,short,27,-1.1120603634398638,-0.8835816487216885,-1.1096730367359564,-83.70951741308413,-76.158770865929,-83.49125623700913,-0.3167976420075697
tema_cross,ETH,long,27,0.30702310382047526,-0.1053409396970351,0.34615349758688735,18.09546470991301,-18.650240819562512,23.061581860606275,1.9844237138405785
tema_cross,ETH,short,27,-0.3605607582347983,-0.41006465404351117,-0.2800279408610924,-68.37846752108037,-71.04825255983826,-62.63735684380315,0.6483214697606322
tema_cross,SOL,long,27,1.0689839837881452,0.8317265531743593,0.8768127861990044,333.45862880777935,180.2544945709883,193.07524478275164,1.9941002073605727
tema_cross,SOL,short,27,-0.365309748378465,-0.45936310887042475,-0.43919190425088106,-80.21879944953182,-84.42517926899005,-84.09010302757864,0.18484090497341957
tema_cross,XRP,long,27,0.21472864493200047,0.3606159897158689,0.2278407828014898,4.628309597189495,22.151968010582834,6.740775935795185,0.15363142142747765
tema_cross,XRP,short,27,-1.0696630393315214,-1.0017337596575895,-1.0559933765614964,-89.48717818864839,-87.82937750185096,-88.73476382431679,0.05552450415971866
tema_cross,DOGE,long,27,0.1625141832869764,0.19232278068024847,0.2953745007800204,-22.08641601742102,-12.737262284145977,11.959016112263665,0.7647685417497976
tema_cross,DOGE,short,27,-0.5782021715988241,-0.3576295031914154,-0.47971314056866937,-92.25665031605438,-85.35066760193845,-89.15991819351926,0.5927047244842355
tema_cross,ADA,long,27,0.4197866385489952,0.27091978480788564,0.5217307525770815,35.87188075813115,13.255578874491336,51.294761556896916,0.24417717568390448
tema_cross,ADA,short,27,-0.18142609752909203,-0.47625286601789074,-0.3368617467814107,-73.19730157323924,-86.51022313397665,-81.92346528988904,0.35972010336622157
tema_cross,AVAX,long,27,0.6356292300968905,0.8756053291903704,0.4372089462587972,124.77999287879271,254.20303654706765,52.75989060671318,1.8182705577187437
tema_cross,AVAX,short,27,0.19920425949596832,0.38654585818698217,0.12083722330365411,-40.80011223001494,3.8136393702432603,-52.17121824245359,1.0131777494998102
tema_cross,LINK,long,27,-0.22868275094933135,-0.12534946994050133,-0.7570288921260134,-43.461643672885984,-29.009682141640003,-60.19966733223985,0.9823848736484938
tema_cross,LINK,short,27,-0.7945013661951073,-0.6318178177984469,-0.7688341440737968,-93.55383250567941,-89.47992389603138,-92.8585984076182,0.17653315924215718
supertrend,BTC,long,9,0.0,0.0,0.0,0.0,0.0,0.0,
supertrend,BTC,short,9,0.0,0.0,0.0,0.0,0.0,0.0,
supertrend,ETH,long,9,0.0,0.0,0.0,0.0,0.0,0.0,
supertrend,ETH,short,9,0.0,0.0,0.0,0.0,0.0,0.0,
supertrend,SOL,long,9,0.0,0.0,0.0,0.0,0.0,0.0,
supertrend,SOL,short,9,0.0,0.0,0.0,0.0,0.0,0.0,
supertrend,XRP,long,9,0.0,0.0,0.0,0.0,0.0,0.0,
supertrend,XRP,short,9,0.0,0.0,0.0,0.0,0.0,0.0,
supertrend,DOGE,long,9,0.0,0.0,0.0,0.0,0.0,0.0,
supertrend,DOGE,short,9,0.0,0.0,0.0,0.0,0.0,0.0,
supertrend,ADA,long,9,0.0,0.0,0.0,0.0,0.0,0.0,
supertrend,ADA,short,9,0.0,0.0,0.0,0.0,0.0,0.0,
supertrend,AVAX,long,9,0.0,0.0,0.0,0.0,0.0,0.0,
supertrend,AVAX,short,9,0.0,0.0,0.0,0.0,0.0,0.0,
supertrend,LINK,long,9,0.0,0.0,0.0,0.0,0.0,0.0,
supertrend,LINK,short,9,0.0,0.0,0.0,0.0,0.0,0.0,
ichimoku_cloud,BTC,long,27,1.0848544511707887,0.9099789284335916,1.4521388454581812,172.3191271090597,147.15663184349359,363.80963357412844,2.6461245703255516
ichimoku_cloud,BTC,short,27,-0.3750275449322086,-0.36742452062932934,-0.2595161184215574,-45.692729614352764,-39.49310292154006,-38.64162942845828,0.6526110747957447
ichimoku_cloud,ETH,long,27,0.8109556743882697,0.22987582592411251,0.6175868978531451,163.02113363095728,-1.7149342365063158,92.30956912509771,1.8082060006297695
ichimoku_cloud,ETH,short,27,0.19894993030923125,-0.353689337047499,0.29428566996313626,0.5859430099011798,-55.2152715670156,14.39298144881671,0.9851877743278533
ichimoku_cloud,SOL,long,27,1.2158577029558435,0.8992916425938098,1.1052364155516854,535.3659765056349,282.760097016787,415.03251839182803,2.0647064122229795
ichimoku_cloud,SOL,short,27,-0.04515320832845443,-0.38667912749194067,-0.17175969983237582,-50.01870555235839,-72.1934888968607,-61.05433498442581,0.8343920798779071
ichimoku_cloud,XRP,long,27,0.24193369754189695,0.40909328908480286,0.7008196061837594,-5.038953450040307,27.219761917866148,124.65231259024976,1.3652926548220794
ichimoku_cloud,XRP,short,27,-0.9839350782239992,-0.8065465948061268,-0.670679910074857,-80.45088052548186,-70.57781484271267,-57.75770414591326,0.9995444606923253
ichimoku_cloud,DOGE,long,27,0.8345254549638383,0.8911238768570523,0.7864038465796965,412.79770190014676,572.9653780646806,365.5958773537623,1.3861324778647686
ichimoku_cloud,DOGE,short,27,0.43711723600548524,0.536874142001101,0.649336774970116,37.19003224092645,60.56487444660481,90.26894014755578,1.3609720140464654
ichimoku_cloud,ADA,long,27,0.21048656460789344,0.42937588546556316,0.3517543199390995,-13.997419428393453,32.38892732120932,8.328201583422112,1.2962499256021704
ichimoku_cloud,ADA,short,27,-0.18119064643943603,0.14992715677680857,0.4675776242612477,-55.96420435598939,-18.016252746710602,44.420813316174005,1.2387136338632467
ichimoku_cloud,AVAX,long,27,0.6878918982584585,0.6329815829336624,0.7592511688904755,139.65533091782527,121.77215380422068,207.45359469481946,1.5395061809747725
ichimoku_cloud,AVAX,short,27,0.49875956957142414,0.4954510404796798,0.5973506450656626,53.04854746410057,50.23356569716444,83.93799061781218,1.5194649033643037
ichimoku_cloud,LINK,long,27,0.04106007240449582,0.05632111855892149,0.6248091510023076,-34.02443779198852,-32.11004526874741,97.9081332938641,1.709106504507724
ichimoku_cloud,LINK,short,27,-0.723197551680845,-0.6166008107383398,-0.3662063648378451,-85.19906736394506,-82.76137436405155,-71.36492036051114,1.1247229763351794
pairs_spread,BTC,long,36,0.851805376237953,0.6678303127475943,1.2432245684778966,95.34344652995392,67.62961301281081,186.17858507274124,4.5539024697850135
pairs_spread,BTC,short,36,-0.6054054003732782,-0.6641285824169476,-0.8472885202153938,-59.670205782807415,-64.19608991348132,-68.65416675834108,2.5823646023477025
pairs_spread,ETH,long,36,-0.4623982918604079,-0.08622412286936298,-0.17229391987792347,-45.908667477072505,-24.558818815038606,-28.61515107881446,3.8100273762887897
pairs_spread,ETH,short,36,-0.7108604886480047,-0.4835781538560803,-0.6669439086968433,-80.44805369282547,-72.4429285888444,-80.2416674760048,2.8986680306629706
pairs_spread,SOL,long,36,-0.2530185672966353,-0.061399005066400655,0.6719661453431677,-48.85704106765974,-42.19382115649661,117.0047850798826,3.921057561465233
pairs_spread,SOL,short,36,-1.0864882187323088,-1.0982586774535874,-0.7819247944047867,-96.2860382370625,-93.080727299589,-90.42773746439579,3.0937249461293876
pairs_spread,XRP,long,36,-0.22749746939351,0.4434137072135777,0.5527365088396714,-28.123973278041646,42.04543945700614,68.79766486166746,3.544137368074579
pairs_spread,XRP,short,36,-0.8111977485426836,-0.6547162141903241,-0.4146692050190933,-87.86437071812257,-78.29457119676168,-75.32736982760149,3.11149786194884
pairs_spread,DOGE,long,36,0.3101470616660503,0.4988040801030385,0.3824394185778645,4.991727250333167,76.33911365475718,29.052056170521247,3.5799676867595274
pairs_spread,DOGE,short,36,-0.30786001668528207,0.002235011946545803,-0.12068111713288333,-78.71226624268019,-42.94945020936317,-76.80712081003553,3.475784243353527
pairs_spread,ADA,long,36,0.17798496628143523,-0.27674403915178253,0.5579102304223225,-20.336969250549753,-63.103764010375166,87.13880580860418,3.655085391363764
pairs_spread,ADA,short,36,-0.26158597511061515,-0.24885015613475647,-0.49358414546658985,-67.39681408004219,-67.05296980694916,-84.21570238817506,3.631777755199546
pairs_spread,AVAX,long,36,-0.3733223837706285,0.1683170671325499,-0.1237830090871722,-68.27608183694642,-28.07725141735794,-51.464520973652384,3.456149248178069
pairs_spread,AVAX,short,36,-0.4381107445790142,-0.22175480171725065,-0.35186672238525124,-85.71768383496045,-68.53866390686706,-84.58666154785227,3.397475422310115
pairs_spread,LINK,long,36,0.5916011290389264,0.4017090744687325,0.9606533349305842,73.94047744177112,30.198991897404138,239.75466450054972,3.910531071869197
pairs_spread,LINK,short,36,-0.20043388323010314,-0.35813537028574866,-0.7378933152349703,-68.82793623944524,-72.83173767422014,-90.51647168476549,3.007692529811005
atr_breakout,BTC,long,9,0.21457537477630165,0.4298770638191421,0.5097530126908449,4.282114250009639,36.92179311545403,54.01713488616202,2.8355981433379243
atr_breakout,BTC,short,9,-1.3589132111343505,-1.134987672320853,-1.0464704572145627,-78.75466766608668,-73.118931118819,-68.54150348731609,0.8474380609362845
atr_breakout,ETH,long,9,0.5250271337366277,0.8782021198181521,0.5654320117764011,61.98610448684576,185.7725526029845,72.24123369671638,2.3607025812691655
atr_breakout,ETH,short,9,-0.22985925670419916,0.01493770694049883,-0.3203375688291398,-37.97656734547987,-24.029584107706036,-47.54942384349842,1.4352347728878976
atr_breakout,SOL,long,9,0.9004530941683293,0.9881151649722143,1.0013763887731413,294.75195879146884,353.57012823447417,390.73367830731786,2.5252339233846146
atr_breakout,SOL,short,9,-0.3094831451119821,-0.15757027113791305,-0.3471841554213211,-60.583735428633865,-56.40708135765179,-70.37074664980236,1.3334824756435104
atr_breakout,XRP,long,9,0.3919933831372987,0.2184373063492436,0.16718341740681733,20.153613940229032,-14.04370601865489,-15.720527882885182,1.662448792382186
atr_breakout,XRP,short,9,-1.003090792710011,-1.479977018765326,-0.7185128781393518,-73.13593388413067,-88.84624273950017,-69.8134805150993,1.3592018494815632
atr_breakout,DOGE,long,9,0.27968189971263374,0.6180783124765681,0.14523853798496825,-26.85382409649124,145.2474401840719,-47.96601905759093,1.8520380551727595
atr_breakout,DOGE,short,9,-0.6990082583072174,-0.4016277976444756,-1.1228511902551064,-81.07374214326734,-75.64125612346699,-94.22005699405688,1.455959144625088
atr_breakout,ADA,long,9,0.32000876887626145,0.030617113297271886,0.39989239183149833,-0.7324873616823546,-51.93954570880797,22.35346461515386,1.5150383913827874
atr_breakout,ADA,short,9,-0.24703405417907498,-0.2761456585112022,0.1984827164094833,-55.20202303786852,-58.78967679344688,-7.856116834043969,1.3673531509956967
atr_breakout,AVAX,long,9,0.39500797178927666,0.07009519145516133,0.3023479701905478,12.128840736978708,-52.42713914239596,-8.471814273341982,1.5108975366320498
atr_breakout,AVAX,short,9,0.12693516144891914,-0.36989676934202237,0.173222524457566,-32.1086774569445,-75.77474860779864,-21.37071200875098,1.4167923280909447
atr_breakout,LINK,long,9,0.7666036017723192,0.4738609649383808,0.20538464814480806,174.78001776421644,46.4764707989028,-17.44129445208523,1.786635769677486
atr_breakout,LINK,short,9,-0.0012013607729110974,-0.38385443566477695,0.36084014020536254,-32.557129739193435,-69.96366230954064,20.361185973128038,1.2958299876418082
amd_ifvg,BTC,long,9,0.0,0.0,0.0,0.0,0.0,0.0,
amd_ifvg,BTC,short,9,0.0,0.0,0.0,0.0,0.0,0.0,
amd_ifvg,ETH,long,9,0.0,0.0,0.0,0.0,0.0,0.0,
amd_ifvg,ETH,short,9,0.0,0.0,0.0,0.0,0.0,0.0,
amd_ifvg,SOL,long,9,0.0,0.0,0.0,0.0,0.0,0.0,
amd_ifvg,SOL,short,9,0.0,0.0,0.0,0.0,0.0,0.0,
amd_ifvg,XRP,long,9,0.0,0.0,0.0,0.0,0.0,0.0,
amd_ifvg,XRP,short,9,0.0,0.0,0.0,0.0,0.0,0.0,
amd_ifvg,DOGE,long,9,0.0,0.0,0.0,0.0,0.0,0.0,
amd_ifvg,DOGE,short,9,0.0,0.0,0.0,0.0,0.0,0.0,
amd_ifvg,ADA,long,9,0.0,0.0,0.0,0.0,0.0,0.0,
amd_ifvg,ADA,short,9,0.0,0.0,0.0,0.0,0.0,0.0,
amd_ifvg,AVAX,long,9,0.0,0.0,0.0,0.0,0.0,0.0,
amd_ifvg,AVAX,short,9,0.0,0.0,0.0,0.0,0.0,0.0,
amd_ifvg,LINK,long,9,0.0,0.0,0.0,0.0,0.0,0.0,
amd_ifvg,LINK,short,9,0.0,0.0,0.0,0.0,0.0,0.0,
heikin_ashi_ema,BTC,long,9,0.3703080822402561,0.4315069793193519,0.7105542352594908,27.16599016966821,37.824888069112795,92.41145560079924,2.2837318502664923
heikin_ashi_ema,BTC,short,9,-1.1959356730442228,-1.0397392574939088,-1.0220734788102084,-73.13860910296381,-65.43445825418944,-65.98443450223486,0.6110021055507657
heikin_ashi_ema,ETH,long,9,-0.11719306006998742,0.0007224612471814826,-0.019882536003011316,-44.561584433954295,-30.058244152396508,-32.217096645299456,1.4341265688840243
heikin_ashi_ema,ETH,short,9,-0.9679926755482612,-0.8337618273176092,-0.6449832652465034,-78.87729261580537,-72.79553420491631,-65.47270005407478,0.6068140892257047
heikin_ashi_ema,SOL,long,9,0.5115659181798079,0.5773508547198615,0.8775113197423152,59.09702677500679,83.8632696828723,264.09059138315604,1.8249561471652869
heikin_ashi_ema,SOL,short,9,-0.8379230610782141,-0.7131240211711256,-1.0080513560399882,-86.84787103583938,-82.51485738398819,-89.51925362627874,0.7741088780391174
heikin_ashi_ema,XRP,long,9,0.6607885875605628,0.40323990195653986,0.5437953557099288,109.23526987230633,25.92879786865594,65.78669086899464,1.5700775047829576
heikin_ashi_ema,XRP,short,9,-0.6202124274584782,-0.6743263200616566,-1.0296119887837287,-58.721353835343905,-63.5584399975763,-75.3652145492579,1.114411907385277
heikin_ashi_ema,DOGE,long,9,0.3756326724009206,0.42824801443659055,0.43740703592230123,7.357388611494842,22.319290874903963,28.195925340577688,1.0682049812826584
heikin_ashi_ema,DOGE,short,9,-0.540901201797359,-0.680996369946283,-0.6013710838280807,-74.04717115065158,-76.04195908554195,-76.05921523183348,0.8604347228584173
heikin_ashi_ema,ADA,long,9,-0.03805297416675468,0.20429093161542972,0.10048796478481899,-53.24081605961296,-20.919829082350518,-39.47542311407369,1.253510686373037
heikin_ashi_ema,ADA,short,9,-0.7224258833522231,-0.34601314637589087,0.028643479083205543,-79.77721018641515,-62.63310379076215,-28.1162688481176,1.0712279322957352
heikin_ashi_ema,AVAX,long,9,0.3277777900304407,0.46611083674814985,0.5944051771263937,1.1851468595905912,45.44002811035672,99.2314177354775,1.5224585458887991
heikin_ashi_ema,AVAX,short,9,0.010448025511124892,0.2923726668444453,-0.1050662314283965,-49.797370770846904,0.37628140199879034,-54.78924712122445,1.4995662127808602
heikin_ashi_ema,LINK,long,9,0.1458860950826758,0.16356383041762163,0.5040547003497949,-26.00325187386783,-25.700254152879143,57.48093139312773,1.5178293229429856
heikin_ashi_ema,LINK,short,9,-0.871750355079254,-0.6556349444370221,-1.1659389116325958,-84.34609717994593,-79.6557803103814,-92.1352988718,0.8425960420775698
vwap_reversion,BTC,long,9,-0.6480650684181702,-0.5206164734919995,-0.7647598613967194,-52.731215415201646,-47.852244061756366,-57.47567302505765,0.9935238695527159
vwap_reversion,BTC,short,9,-2.0902711604229656,-1.7118944859602843,-1.9304798304973048,-90.34708869869114,-88.59262023657584,-90.40571852608412,-1.0348452467115234
vwap_reversion,ETH,long,9,-0.83363276576605,-0.14360863739343482,-0.8243151809473299,-76.83503746892417,-39.73383304880299,-75.43396889561636,1.0543180183353824
vwap_reversion,ETH,short,9,-1.5330847429376167,-0.8169760620775122,-1.0621179648836205,-91.15382033405672,-77.48381766409425,-85.33167607669236,-0.053878641769472574
vwap_reversion,SOL,long,9,0.6715639963697141,0.4855065459035255,0.27611392231997767,108.10371099714904,49.28814323695114,0.8009109853010843,1.7640793241901396
vwap_reversion,SOL,short,9,-0.6225351825546239,-0.8831859291958425,-0.7505702165921491,-82.10559951529717,-89.59078088330679,-85.51718377293312,0.5415958157707269
vwap_reversion,XRP,long,9,-0.7562874029815598,-0.4394804199321838,-0.6089634525269483,-69.62472943389841,-56.535087403651055,-66.8049845446639,0.9063133235160391
vwap_reversion,XRP,short,9,-1.5180406584861306,-1.0806150346932109,-1.375598327330115,-94.71502964507008,-90.11523365756233,-93.56648838250061,0.42545966647791605
vwap_reversion,DOGE,long,9,-0.3232563507460506,0.11706238479014834,-0.2294116763528215,-67.29069269476845,-34.032306679267876,-68.76400334396843,0.9744082942450952
vwap_reversion,DOGE,short,9,-0.7532381531266971,-0.513552920763137,-1.1226805107144295,-92.783789389571,-85.06085546180752,-95.1984538682384,0.5507659911411135
vwap_reversion,ADA,long,9,-0.6774534932566599,-0.3479711481655581,-0.13733598013447096,-81.56826042493165,-66.14585833977038,-52.301823025320004,1.0129510019265435
vwap_reversion,ADA,short,9,-0.8260677125294624,-0.4194377142436189,-0.9978624058026876,-92.04154671052991,-82.24048701510782,-93.74112695222836,0.8533110723834557
vwap_reversion,AVAX,long,9,-0.2855254180524709,0.059241784494032515,-0.5595718027881039,-70.25848229232842,-40.96052308615105,-81.18754290216852,1.027956102958724
vwap_reversion,AVAX,short,9,-0.49948941950405,-0.21958549763479482,-0.6572334080835461,-83.36091514048786,-69.33398790483447,-87.41686123134538,1.009509699336816
vwap_reversion,LINK,long,9,-0.34728738576020857,-0.4390961668862707,-0.36871215199410995,-64.45498325740611,-73.01239770606442,-61.981990856855404,1.0577227418126038
vwap_reversion,LINK,short,9,-1.0191734610160823,-1.3441617867030942,-1.1000878710239133,-92.31834490835365,-94.37936955654384,-92.93177582960489,0.27745299884005975
chart_pattern,BTC,long,27,0.7970117981129633,0.745188268821144,1.000029155452553,120.81781173377068,103.99389151931456,190.35819673572706,2.175051521006706
chart_pattern,BTC,short,27,-0.7628334262821896,-0.9208132993896664,-0.45902603858062546,-53.91517433837707,-63.56129434594426,-43.8346024417407,0.426581085197449
chart_pattern,ETH,long,27,0.26039846013502954,0.17617742177274304,0.4814019323767546,3.458530290656703,-10.082142054900434,50.05570522538461,1.560074174175869
chart_pattern,ETH,short,27,-0.45880444956622574,-0.6850602444374347,-0.5397765157577877,-59.6948518891976,-68.78489951763306,-66.30847032496067,0.48201897907179064
chart_pattern,SOL,long,27,0.7061220495935016,0.9236530370821917,0.8239685056274318,146.85513129383781,317.39391523425235,230.57168890299735,1.8012534296907914
chart_pattern,SOL,short,27,-0.5723915808426139,-0.4143620738722313,-0.2988208015912718,-74.56976219159378,-69.63734596893929,-60.18209571288276,0.6727659237497737
chart_pattern,XRP,long,27,0.5351014937655343,0.48326727466404895,0.46012750777011047,62.21326459178718,46.56920610743347,40.03062667447288,0.9474013374798305
chart_pattern,XRP,short,27,-0.735819714644267,-0.749129166292582,-0.8047542347371206,-62.05251418269929,-59.312247774600955,-63.31580052399681,0.5959551539179364
chart_pattern,DOGE,long,27,0.4860235987639807,0.6097699216282069,0.5146795209162427,47.810585357142045,133.78029244495048,53.27570439624818,0.8534813959330836
chart_pattern,DOGE,short,27,-0.21911685590218352,-0.2749568989439237,-0.4950920102078225,-43.522766546645606,-46.04634861737546,-66.4778986253824,0.4414446945747324
chart_pattern,ADA,long,27,0.4461404874044268,0.3895466948627336,0.27935129846235734,35.78342857615855,21.068065765543786,-7.155420038191284,1.0455153859878124
chart_pattern,ADA,short,27,-0.016568997950295584,-0.008406569627110514,0.01805338313451919,-28.45591231884913,-32.16567263163094,-26.477427695129595,0.8254486330994893
chart_pattern,AVAX,long,27,0.05590094045732153,0.21819721461985425,0.05094313485798077,-55.09026033691025,-30.056166768574045,-58.747435372074804,1.131153428600879
chart_pattern,AVAX,short,27,-0.38018790925055884,-0.2210608641663675,0.02346644893470924,-72.49255083084284,-61.03125101760738,-35.856399212101664,1.1387977352556418
chart_pattern,LINK,long,27,0.5604381289787295,0.3453405888618882,0.6020125199451175,73.76654671779492,10.482402476330211,88.84161546799503,1.4581937646400682
chart_pattern,LINK,short,27,-0.25441625726659894,-0.39852659667910006,-0.22158002532738225,-50.868242239818464,-69.22273221754836,-58.935993160087605,0.6974863334850494
liquidity_sweeps,BTC,long,9,0.37740114391758617,0.4936339430768549,0.3571450718651008,24.331710831008756,44.90646136277259,23.096382593870345,1.9441640628099162
liquidity_sweeps,BTC,short,9,-0.9905107466262097,-0.9398636909732216,-1.2275622673553193,-74.81548538141158,-68.12404537935097,-78.15180399473618,0.3150878172747419
liquidity_sweeps,ETH,long,9,0.5722388591520221,-0.13675831449621256,0.11790935716991767,64.77464999400937,-32.7485180064133,-15.875883660910329,2.250877002814725
liquidity_sweeps,ETH,short,9,-0.040545608803599864,-0.3685624101330257,0.09487136331328487,-31.12735747522155,-54.89434440465067,-20.4472456323897,1.4174584762022049
liquidity_sweeps,SOL,long,9,0.11047409128140268,0.19292612769625864,0.4717741520020131,-29.06458217046338,-19.422933179805035,39.19776942273283,1.8755197414541058
liquidity_sweeps,SOL,short,9,-1.0837459539245882,-1.1024421751072562,-1.21020694124707,-93.51774734719356,-94.91518875074061,-95.49356676025668,1.0766824741244116
liquidity_sweeps,XRP,long,9,0.568644156178168,0.07660921456282045,-0.01866381281575618,72.94409516084961,-18.574297548655107,-28.152862467228278,1.3609135438048767
liquidity_sweeps,XRP,short,9,-0.5719947698491084,-0.9694624545313347,-1.15202103849565,-62.899556881066864,-86.2793319758395,-90.65212560875547,1.2591976576969204
liquidity_sweeps,DOGE,long,9,0.03399525988079251,0.3087204376153517,0.611082400275838,-49.89209344907376,-17.1152845082997,141.45393648650898,1.2572424519395375
liquidity_sweeps,DOGE,short,9,-0.6029386715623898,-0.5783486694126565,-0.5105390085017735,-88.30231322837446,-77.70629073779668,-81.56381597347668,1.4602182268279822
liquidity_sweeps,ADA,long,9,-0.2820549604060149,-0.2225735963446109,-0.15603185840707187,-63.38291395205127,-60.629608419390415,-50.49426943741102,1.2309533305022409
liquidity_sweeps,ADA,short,9,-0.528926957831519,-0.38914761403774045,-0.1036847262833239,-80.044326037398,-74.94935300423077,-56.4175250460599,1.5859117055548637
liquidity_sweeps,AVAX,long,9,-0.3131063568358634,0.2127056607590469,-0.02311511443421737,-73.64407968974898,-19.648589087084122,-51.9842737061872,1.2400000631618264
liquidity_sweeps,AVAX,short,9,-0.42349362613983366,-0.32584723856512154,-0.5974584566165169,-81.88572396337135,-78.8566360601354,-88.6389859573961,1.487539701256346
liquidity_sweeps,LINK,long,9,0.6114465015424598,0.5861901902703445,0.5089603663788511,87.17697754355638,76.5967403516263,51.35983510080307,2.2702984432291364
liquidity_sweeps,LINK,short,9,-0.19935156091862866,-0.4738794164272212,-0.8490992557477265,-60.666643407630794,-72.54362582312282,-86.16257694337376,1.4517993873782153
parabolic_sar,BTC,long,27,0.25917594672470046,0.35375152352775824,0.4540598673194218,11.313906946031182,24.549836629983822,40.55048560606836,2.2896895560455093
parabolic_sar,BTC,short,27,-1.280433194456065,-1.3301111241327634,-1.5401955501842193,-76.57154849500319,-74.69968842812801,-79.66577271119579,0.4733617014276025
parabolic_sar,ETH,long,27,0.05248883481268814,0.11193405078610989,0.13818599178803556,-24.18342715584082,-17.78803078337514,-11.461316836877366,2.0782976171486984
parabolic_sar,ETH,short,27,-0.620741772259918,-0.6045143472911579,-0.6506333728663151,-70.45467046604088,-69.05254213560931,-70.4838582619964,1.117532792146035
parabolic_sar,SOL,long,27,0.8240458100328499,0.8412704389722309,0.8180726481210847,214.40395401544384,228.75890851023217,206.60121590612036,2.5303909502152018
parabolic_sar,SOL,short,27,-0.4530828056981011,-0.4156928001861797,-0.3372902499034165,-71.7165988665307,-70.39202133439721,-64.48766016916802,1.4484943273951763
parabolic_sar,XRP,long,27,0.8995786507359961,1.2277489601008962,0.7568988227668797,221.66434495713457,501.66499560954685,140.42861327443984,2.2375386949156013
parabolic_sar,XRP,short,27,-0.1031143349568499,0.25256241749486774,-0.5819172356234424,-33.34813766217989,4.95249499802648,-64.46784322549613,1.6910964474485468
parabolic_sar,DOGE,long,27,0.3707296560088464,0.28448496007604696,0.5099943682812155,11.115210172106039,-15.07007881530561,65.59039570193524,1.6308883872183848
parabolic_sar,DOGE,short,27,-0.35542736533558017,-0.42052342785417857,-0.5601925632484488,-74.5879212679454,-75.94996796347972,-78.62109598254567,1.397639762315229
parabolic_sar,ADA,long,27,0.26297521145832936,0.17435434534113972,0.1410975816631952,-4.737224864316603,-26.200719524695604,-29.489001460545474,1.745252022912056
parabolic_sar,ADA,short,27,-0.31817878504162317,-0.3875484388560268,-0.264301878729878,-58.49242729404399,-60.11588630190209,-54.70058779555368,1.4983156289855173
parabolic_sar,AVAX,long,27,0.13336778503894012,0.26490153990076354,-0.061574440472468406,-28.83518682822883,-2.484746604126342,-57.73409928913515,2.0306668490082513
parabolic_sar,AVAX,short,27,-0.20621426072406057,0.05454886563799494,0.11786884540367572,-63.177384013215054,-42.663826463612054,-29.90553225850704,1.9016402878947698
parabolic_sar,LINK,long,27,0.2791575254789342,0.4882795984712555,-0.062260287379412305,3.7923068852471875,51.45844570731413,-48.53703623680765,2.0089083515803248
parabolic_sar,LINK,short,27,-0.5608928444971613,-0.411979534844786,-0.9262267598419931,-77.97283055735485,-68.25883139631539,-87.2125902137496,1.2401586798729818
range_scalper,BTC,long,27,0.0,1.0476298480148167,1.0194323726207537,0.0,235.39194406429775,237.8797326220329,1.524872780416583
range_scalper,BTC,short,27,0.0,-0.8053087194463524,-0.8099652040647908,0.0,-76.55329146028119,-74.12796143843052,-0.7628473860769391
range_scalper,ETH,long,27,0.0,0.43296446193298455,0.4070466182988469,0.0,31.223704936617903,23.980321609971167,0.7832415838700196
range_scalper,ETH,short,27,0.0,-0.35046147415329476,-0.466364809588635,0.0,-72.34589605726846,-77.58964846751148,-0.5400856861204245
range_scalper,SOL,long,27,0.0,0.8570897580384066,0.8667595245762709,0.0,264.8575869186831,274.8599132890398,0.9165120958535157
range_scalper,SOL,short,27,0.0,-1.0835968223661745,-1.0835968223661745,0.0,-97.74024960034336,-97.74024960034336,-1.1004164380212196
range_scalper,XRP,long,27,0.0,0.7856729248723003,0.7206560099999761,0.0,171.5467690004838,134.89853899985266,0.6031718876677289
range_scalper,XRP,short,27,0.0,-1.0341208149294951,-1.1050673289453397,0.0,-91.2119360900299,-92.36523327842143,-0.6261624404066815
range_scalper,DOGE,long,27,0.0,0.5460275220357236,0.5460275220357236,0.0,65.41673489438442,65.41673489438442,0.40322126618035914
range_scalper,DOGE,short,27,0.0,-0.5015617189407163,-0.46013052833773904,0.0,-93.49059764796888,-92.63755539620307,-0.06332709362315878
range_scalper,ADA,long,27,0.0,0.30834317923294163,0.30834317923294163,0.0,-19.903654485049117,-19.903654485049117,0.18063617390897413
range_scalper,ADA,short,27,0.0,0.0,0.0,0.0,0.0,0.0,
range_scalper,AVAX,long,27,0.0,0.3456071650186908,0.3456071650186908,0.0,-25.162337662337396,-25.162337662337396,0.09766686342280925
range_scalper,AVAX,short,27,0.0,0.5998676752548875,0.5998676752548875,0.0,1.3157803140145585,1.3157803140145585,4.125813886212042
range_scalper,LINK,long,27,0.0,0.534895475736051,0.534895475736051,0.0,52.62044270833315,52.62044270833315,0.6293796267399031
range_scalper,LINK,short,27,0.0,0.0,0.0,0.0,0.0,0.0,
sweep_squeeze_combo,BTC,long,6,0.7476809672300585,0.4620879282180942,0.4855953733041329,88.58486815717332,41.07404660595464,44.76745608099642,1.417838688084653
sweep_squeeze_combo,BTC,short,6,-0.6977283252996445,-1.0099544456874068,-1.2395228474514388,-62.09388018550291,-76.59017728802903,-84.51060413028384,-0.6108754463379107
sweep_squeeze_combo,ETH,long,6,0.4015020151102231,0.7253124840121828,0.446612290611123,26.618459157078277,132.74065648898437,39.60530742208918,1.0722550546124885
sweep_squeeze_combo,ETH,short,6,-0.19771175748013525,-0.20725398498407338,-0.011557959173886457,-25.389642829945746,-52.827031864664974,-34.91863330720777,0.4008292460530137
sweep_squeeze_combo,SOL,long,6,0.3820431383042051,0.504309322093097,0.6853013966068182,7.48365909201405,38.9958409249606,124.0609030485397,0.7494656076348715
sweep_squeeze_combo,SOL,short,6,-1.139933999546437,-1.475125108546651,-1.3631062216754146,-83.75507998723683,-92.57525895225575,-90.83446504135861,-1.4784982227401273
sweep_squeeze_combo,XRP,long,6,0.6290738399972059,0.4542049284105823,0.7775603501700934,95.7680259643944,39.83170465625348,161.9642344214292,0.7169612970023577
sweep_squeeze_combo,XRP,short,6,-0.7949502201365038,-1.2382828978662532,-1.27398844885043,-61.01373017018108,-88.06260404225279,-92.56436862213835,-0.4466190702045206
sweep_squeeze_combo,DOGE,long,6,0.06456627880018052,0.6499852094681782,0.5890971990749545,-57.33807937396976,165.1448059518641,105.96536276844711,0.8712828557618674
sweep_squeeze_combo,DOGE,short,6,-0.7437038694638205,-0.5255258485968629,-0.5912516922918735,-82.79944505980401,-91.8906713322575,-93.55729369737512,0.42116370228659394
sweep_squeeze_combo,ADA,long,6,-0.31246074218895126,0.20193220889185703,0.128942380405347,-53.923893446824856,-31.611217224411458,-42.60482673534231,0.34264528049231213
sweep_squeeze_combo,ADA,short,6,-0.446316983627677,-0.49073406340383763,-0.4184802740875528,-84.06034046942865,-88.04313483538505,-85.16643961628856,0.20812843347173118
sweep_squeeze_combo,AVAX,long,6,0.3898172360151607,0.7219089274947444,0.707370760993453,26.79589477896318,161.90369719802837,150.64529792578819,0.8168764443100477
sweep_squeeze_combo,AVAX,short,6,-0.02180678647735525,-0.0667901078641333,-0.10793680333866844,-73.48747537146917,-76.25447760038814,-77.88854111504462,0.37712605221720374
sweep_squeeze_combo,LINK,long,6,0.022829710934307874,0.12550796329585068,-0.07207291321333481,-39.39837967666415,-33.97137674120163,-51.8922134844627,0.8685723840548767
sweep_squeeze_combo,LINK,short,6,-0.7172533196186219,-0.7135190159022906,-0.5916092579968103,-83.52278649337616,-88.40405166511727,-84.66590482409839,0.18270570361062236
adx_trend,BTC,long,9,0.7631133393268494,0.5567016757729875,1.0918063166206167,110.21669929601829,63.76123393531867,178.0166542313882,2.8389015783629996
adx_trend,BTC,short,9,-0.700758853132059,-0.7964441138517983,-0.6640299584988031,-55.925172439582504,-64.05493666399475,-60.17522330053027,1.2118225610572853
adx_trend,ETH,long,9,0.3974167720914951,-0.3597506685689767,-0.25279170679307017,31.455315440424435,-64.86217542260475,-56.41838885869339,2.226730343046304
adx_trend,ETH,short,9,-0.2924273268963897,-0.7746533774813722,-0.8219645052864447,-52.04209659019317,-72.58957614793108,-78.36977292132849,1.4181424864998422
adx_trend,SOL,long,9,0.28918183764038013,0.4118446143759736,0.5444111090354002,4.016419092416523,24.41474372382646,68.10461241090412,2.760744325353703
adx_trend,SOL,short,9,-0.9083887436218232,-0.6233047655891172,-0.885693475431385,-91.8207098482684,-79.92650322089557,-94.23795353566607,1.632462978847157
adx_trend,XRP,long,9,-0.043413065155111605,0.3499252820419818,-0.04269918037924447,-22.486686623487294,11.600805574652618,-31.6047565777136,1.7080239843373168
adx_trend,XRP,short,9,-0.9260081920366611,-0.9095614493774759,-0.2315803503513549,-87.80206801966386,-73.13653290122703,-46.643682978535494,1.4276485832528854
adx_trend,DOGE,long,9,-0.0722234414524957,0.26200233731117906,0.43260758723837245,-63.61972643052074,-33.189607739574086,24.865149392838614,1.8424476436230157
adx_trend,DOGE,short,9,-0.7582770798097701,-0.6793523621155355,-0.787085687513283,-92.78148336387969,-83.600830711327,-95.76354786191196,1.7619709840226825
adx_trend,ADA,long,9,0.41242565517792346,0.03742406970599945,0.7172051773741341,25.79665124173376,-46.74187979477582,167.58357737037025,1.6937194269391855
adx_trend,ADA,short,9,0.138114842606517,-0.4001289201200722,-0.5911953450134984,-16.35836371202043,-70.63348917385026,-78.596881681402,1.684292062654498
adx_trend,AVAX,long,9,-0.009078771483069433,-0.28040969990830356,0.4918854579595609,-48.03849501024394,-84.20955808366266,44.33310966204822,2.0380488862421227
adx_trend,AVAX,short,9,-0.24643038620081356,-0.3087917254406041,-0.1936933937400709,-73.1420508834454,-76.8231399484508,-73.21030096863798,1.9495630400243478
adx_trend,LINK,long,9,0.3583458968536477,-0.24333331298968888,0.0689534790870858,8.683493219725236,-67.99471244821889,-44.57364669986953,2.2323678105658447
adx_trend,LINK,short,9,-0.5318258489275092,-0.7526538370339798,-1.4340667280309083,-68.41680236448447,-86.92954886952404,-96.21229414688156,1.5767272558396808
donchian_breakout,BTC,long,9,0.7692335306293508,0.9215347407549876,0.7438419897858041,107.23061492435657,156.64502268380983,107.4036651042483,1.6241691574866475
donchian_breakout,BTC,short,9,-0.7486777981460004,-0.5877666859445817,-1.3744454277611773,-56.09388826802268,-49.43082686290718,-74.57863735418847,-0.1422723224428197
donchian_breakout,ETH,long,9,0.13355181327414242,0.06428716847919191,0.15755398106392685,-15.772475495944494,-23.9213316383456,-10.791081213050246,0.8787398421963236
donchian_breakout,ETH,short,9,-0.7752108265191703,-0.9304333140500339,-0.6713088524459397,-67.90138946712105,-74.44353657622449,-65.07485076315345,0.029917740429839104
donchian_breakout,SOL,long,9,0.8811229093470848,1.0086374501927307,0.6916906591748814,264.9536872738093,388.4247789589185,140.90867509801305,1.5507892517140287
donchian_breakout,SOL,short,9,-0.3693499069254846,-0.31023781860605915,-0.2594242014062036,-66.21830322285389,-66.43074419337346,-61.371740524343465,0.23769668717532785
donchian_breakout,XRP,long,9,0.5202819846798212,0.35607074565665836,0.5442911333941653,58.22586336800348,15.565406270146287,66.96541675801156,0.7206096160423828
donchian_breakout,XRP,short,9,-0.9017771851723166,-0.8504187617430385,-0.303639353185703,-67.51344334733486,-68.77659504477299,-37.7474631545313,0.4072265025487947
donchian_breakout,DOGE,long,9,0.40016812916094446,0.4058805786810349,0.20151826967585704,16.231590566004584,18.00431826703466,-44.154043418094616,0.46661051868596304
donchian_breakout,DOGE,short,9,-0.5359035599118028,-0.4859701741561358,-0.5805936393739966,-68.83344922412229,-67.85343375616138,-72.18490520168064,0.24736433487301968
donchian_breakout,ADA,long,9,0.34126587526046837,0.07964741027974757,0.3275300154260567,11.092180119741935,-37.011524323841414,5.419140541559608,0.5237075699668555
donchian_breakout,ADA,short,9,-0.24317768631567752,-0.590318303250167,-0.4529450727120314,-53.74011422526232,-75.16304206239607,-69.9360482618043,0.1582869096054192
donchian_breakout,AVAX,long,9,0.35568062127912387,0.5021741964119314,0.7424087840363393,4.728789114748144,60.62406303336885,195.07947909930107,0.9903608176918126
donchian_breakout,AVAX,short,9,-0.035833898489644585,0.19987053827464568,0.2343710135871103,-42.427950389523005,-14.198824711867541,-6.044138677120325,0.8780681740244223
donchian_breakout,LINK,long,9,-0.030738762645182216,-0.18777353105639055,-0.05192237118899396,-51.285606747696065,-63.59424831348781,-52.04922907085412,0.6138972370457054
donchian_breakout,LINK,short,9,-1.1167993678765042,-1.2747697572469454,-0.8227040431179404,-88.43400205856243,-92.92175528403607,-83.28666511541047,-0.05422509006986705
hold,BTC,long,1,0.0,0.0,0.0,0.0,0.0,0.0,
hold,BTC,short,1,0.0,0.0,0.0,0.0,0.0,0.0,
hold,ETH,long,1,0.0,0.0,0.0,0.0,0.0,0.0,
hold,ETH,short,1,0.0,0.0,0.0,0.0,0.0,0.0,
hold,SOL,long,1,0.0,0.0,0.0,0.0,0.0,0.0,
hold,SOL,short,1,0.0,0.0,0.0,0.0,0.0,0.0,
hold,XRP,long,1,0.0,0.0,0.0,0.0,0.0,0.0,
hold,XRP,short,1,0.0,0.0,0.0,0.0,0.0,0.0,
hold,DOGE,long,1,0.0,0.0,0.0,0.0,0.0,0.0,
hold,DOGE,short,1,0.0,0.0,0.0,0.0,0.0,0.0,
hold,ADA,long,1,0.0,0.0,0.0,0.0,0.0,0.0,
hold,ADA,short,1,0.0,0.0,0.0,0.0,0.0,0.0,
hold,AVAX,long,1,0.0,0.0,0.0,0.0,0.0,0.0,
hold,AVAX,short,1,0.0,0.0,0.0,0.0,0.0,0.0,
hold,LINK,long,1,0.0,0.0,0.0,0.0,0.0,0.0,
hold,LINK,short,1,0.0,0.0,0.0,0.0,0.0,0.0,
